06b248ce0517a7836b92e4688b69aaeb	198
6181079118c16fbd211586bcaf1db5ee	199
9904b48a6676dc4aff44dea1d5b34052	195
e1fb730edd1eb059a09cc2f7c7cb7e61	196
505d65910a871f255c6fcc26443778a8	197
d14806b28986d45907715e41cd7cad7c	195
d12a6bed01e06811c7c250e42c286da0	195
f9ded08e4309d41fa7b09f6651af9cef	195
f4bed9b7fb1e3ed2a8019aea73b47560	197
bbb81555b0f1e99f3f2e7ed8490386b0	193
6f9f5bfefacb6596b6b778b4e88a5136	193
e7c62acf35794f4ad99ad359ef6592a1	247
aefefb682b7dde064694c258b9379b0d	201
96d563d9850bf9f62e5dce9653bb6975	166
d77ca15e8a26d04d11dd1ec8f49c869e	211
8906f687c6275875893fdb140a04e87d	178
984c7824637998ee9e9cea15f0fcf629	178
fedddd58581f8f153594e0646392f937	258
bc5d00157cfb815403e5e55c32095f3d	211
ec2d7dd1139c4679421a688c05cde9c7	221
0d93aba63f7870e090250aba71901a64	250
d5d5cda56c3f89a126e1a636867b6dc2	238
efaf50c39582d812eff16fc40feb8e2a	165
4603e9578d293e186939d10f02a74790	189
1c563d6d1347e6bc7bcc5b0db5da822d	251
dd18ddce508a1c774e439bc4ff789229	251
faa8f490a03532ea483dd6abe62a5410	251
ef756b0fd8351fa2e55d7a75f4ae013f	258
964ccc41bbfa729b7822930f5fcefd18	258
bccdb0698778e74f71e31ed928624cf1	258
597e797036a1e6c43e3d630a8f0b6195	258
79ae727cb3c9a6f3d9305c836d7345c0	258
d7008c0960b149290e82949649bc8f21	258
33b95d3c2b383826c264c8cb71eb3a24	258
44842b2672dbedfa4d376f8a90eb2985	258
2072c26966511e66aac3696905fad607	258
21fbc2f3cd3adc45f10562b7a94faf5b	258
08567702d670556714110d8f919c4ab8	258
249cf455cd993173315a7db0e17d2fb9	258
04e331262a0c5409e3c619e4ac854978	260
6367dec108d26684252f3c42b9797fff	258
327a4880fcbaa89ef2421084e25c0910	258
ac0a8cc34f49c81af84f1b6fb4fa4f77	258
bd7857b805581ac2931a983a8ad40f1a	258
0a83dd7d124f338045278349c8de91a0	258
33d27ec8cdf50063d27262a898f17e2c	258
bfd134c224a8c8ab751e1ea7ccfdfc06	258
8c554965dafb751e8685bc50b460d756	258
c4b49a8983f114613810d52c43449a56	258
5a17543a41b9cc407dc016bbd0579ad5	258
3744610ec78aef7f70d7eebbe5f03aab	258
02b11e319f27249003bd361117023d1d	258
de3bb1a1724a39f7c10ccbb17affe91c	258
ce03d951b5d9b48be2cac76ff5c69d08	258
bad9a3c6abb2e63c3e25c6740f508107	258
326994b088d2e77841cdc6996c56bee3	258
185db7cb58b2ccdeb6374cab3f1a141f	258
b5e548e927fb01ffb2f67988eee70786	211
61d98990f6fc596e430de1afeae16e43	258
0fb4cf3f2a24f5efdf2916afefe68c12	258
8f2e35866e223c18f7c2449a2c026bde	258
9c4c2c023432827d29f946c73a7e2629	258
6a06244274d07dec85524481c71df936	258
7e197b39e039ee05da194eb3fc810f6c	244
f1d4427a98561fff9d216c98ec242000	198
f8ba1f14ce21b5b999a655786584cc4d	258
5a9def43f7ada340747dc26b2d928a88	258
e5a0a395514b54ee048a04d3620aab5d	258
cdaec6434e373543a301e4fe3eb58483	258
394750a8e5152ca8db1bb1c9745ed0ea	258
6f3ec1a6af97f4d1ee937f8cfe181cc2	258
acbbc63f7292d7665b243f9b3b8678ac	258
4e844ae543947e10cb26db11bda63dc6	258
c3c585b1afb99821dca8c00ba3dba75c	258
5cf5778b9497a1865d835cbdc335486a	258
b927da404614842c2ecc5b7e7e31aadf	258
118b0f017354e35f90436f1699a933f3	258
82e87845b26fcaf1748f88c833fc0895	258
2073ecc43b3ce769a17a265fe24334dc	258
6b4291d837c8760fe468f14e66ecf9e3	258
5e664fc2e485db454606486d68b672dc	258
f13a4324908057bb291a75fe39541c15	258
9bb33b04a6e6163a396c09ab71384c34	258
cf6c1cd114508830d6801667efbcf2af	258
50436f8c95b9d304b38004455402a3c1	259
cd281ed90c71d933686ec83e275036f7	258
24217b773e204260884a9781f8233587	258
be1144b64292f26d541112cf6984cf39	258
5c509d6a8ef0abd5e6fb62853047f560	257
cfe1cbc8186d6c8e11eb3e5d8582316d	258
c2bdb721b8df8b1e136a13366eda31ab	258
c8d332ab11c755d1dc7f511c582dab2a	258
ce0bf17a25dae63922a91f96d71ab557	258
f7a8d0e7dd8a7688a9c4a1c568fbd30f	258
7b3df920b49aeba59eb989233a0a239c	258
a6e0041c6dda314c6185d3ae59682179	258
340c0b656d4ae34e77b31c956283f71b	258
cb33ab892be57037901e4a2f3c9b25d5	258
9cef68f1bdbcac7013a23860b85c527e	258
a612e09cceb0007ecbb1623bacaa05df	258
24e9c60c4be1439a49d67232ba4abe4c	258
4697d6e2d2da75c0b9b958c9d0c7023b	258
eda33e6c9ed653281c8e352593e54197	258
bf72cdd23261e172895b9fe2a82e08c4	258
79655b78b6ae84bd069857edfab2b46c	258
638cdc81cb65ac80ab10f57f4de5005a	258
a1639b737d46d92773e87c1091d8bad8	258
4d2dd33721786df2ccfde4db72197eaf	258
bc183aec6e0d51320fc9da91407bb2f5	258
d92c199d2259158956bbf510b892acde	258
69290f9209450c8e4e82591b97b80a3a	259
d308a9ec584380df02a316ea5f4663ee	259
dd34fa14968b17204943b5b00f48fcb3	259
aeb636260b1fe28c2c02a42d212e7aaf	259
64600c8f6a71b29c4f5d5225e5ce3e92	259
9d695975740538189ae6ad11acf4af61	259
c355663ee8d748617cf51b7db614fa01	259
d310418473ddc19c2750603979c48521	259
d15a32381f32f29922d7ec768f5c46f3	259
176d347e498cb1e214b81f88ddbda439	259
6091bda114b72bedcaa6f9ee1fdc860d	259
e99a6eaaad05024b4ef77b4411095f05	259
607cbe74b271a7a82453ee1e3905dbc4	258
6d0d2499d6edc1f6cfc6ad5aeb23070d	258
715f13eaf534ab6b2ffe90b0ee242168	259
49ccdb26853aa3b9d85a4a770b801b99	258
772e8d65746bc7ac4741a0774ba15722	258
1ecba45dbd57f40262eb75e3d19c0dd8	258
0a5c09be2743005bf3977aa6464cef3a	258
f7d95424d27a0051868c9d62b12337eb	258
74e32585a2f048876fcf585e07a81453	258
1bd1ccb01c88cb1de624666c4ebc54ce	258
8b694081891a661db20216d5daaddb01	258
2da979aacbcf5d965fb9b9692ee4e55b	258
e8212fd1dd00426012fd0cee211d8c3c	258
49885c23854f60159267a3c80f9c4c29	258
87983b3750a01d072b5952cb034aa3d6	258
622442671a647b61a910ce6155d1677f	258
858193bd0dba6357abb194cff5f48a58	258
477672ddc712fece85bce96a0f7d1323	258
d219a30e248437f2adbfc111e88bd447	258
61926cb6af7ff89e8616e3ddb39674c9	258
35e04217a09e38056940d990f89c4625	258
8cc65a07b318a0d0105044de9102308a	258
40dd07676289369e836cf759142ffefb	258
9a52b62f8a113e9c4d8a40728e788d3b	258
144cf1eb37e00f88046877dcca2f87ed	258
014c57b1bbe3f7f3934f565ef1e84c2f	258
206e909f93fa33b649a49a692975a209	258
6dc448d14cd18723a1e00f7cefb63a22	258
cabed0da52d0d47fe00031a905775b09	258
420641d9c19326554ea8915a0c54b6cd	258
cefc5b17ec5f517bb2dc800cd63de3d6	258
56e684c83b3fd1995a7446befff77ee7	258
2763d0e95e2f4748ba7f3e3575a569c8	258
95d3b7f30bc39ecb33bfcd8c28879a9c	258
4ebeafd6a8d4c60a312dd01bd787506e	258
570f69e63a6391dc9ac3896e6f9f9a81	258
42e818341e6e84101acca21e7c934164	258
7914d4017a39a61fb5c7a4119f935c35	258
1b90ef94665a6f8306867f54ccee0b63	258
34400eb96888c3b66a8ce894a41e7747	258
0795f0b5c92b86b3fe1a49c555b1d184	258
aed1f2ab9ee68dab9807ef0ee792a540	258
8d37ff402f323d9b42ca87f04178e716	258
06c35002cf4154b7a7028b491caeb7a1	258
a179dadac6ffdc31e42c8de88dda0e27	258
1b81760f3b5963899a8b9329bad3373e	258
568f9a87f409f1dcf1202afd584f66d6	258
d1c99447af77f8e3015551d536f577e5	258
cb4cc470411472cb43e29bfaa3c0cece	258
424486b2893cb72c282b4383b4f3090d	258
e36748cb38e84fac69cd2d5b4e41f3f7	258
3d9a781c4586340bf4c304279c2c78f6	258
a6b185663b4b9691beba460bdf2b3e26	258
bc96cdd88071b0a413eb312edc56924c	258
922d481f7d5815786ea8d796aba34737	258
d3663b6afa48f6b4d0484c96f5c65adf	258
9839a8845ee1e0fa36cd1fac0f5e737e	258
29661b08e9572e415c29d0f95d488887	258
78dbce9b52f14842e4bae81361b389db	258
3e2c79a90e1f0076162f01b91853fe28	258
8627518eabd0015433b9a3588a80d89f	258
bd055966083954adfba77305094553d1	258
6d286471885260622398a31b6e1d64d8	258
25c87975ed4e189da3b1ee60567960c7	258
79a6122b89c868f85513d394f3042c12	258
a7425a20c15addf087c3bdc6999c06c5	258
6a73606702a65242a9cc5734cf4e3452	258
feced08c338e1cf1a5b2420e91f6249b	258
39273523d95cf663028c9d6b4bd12087	258
f06b9f5f8635056213cb0feb4fc4ffeb	258
636545a5515b399afafc4244e4fd3e81	258
5a40f779de6dfd56127c1ce5dfc75e63	258
695f7424365f31152f22c62895df2b2c	258
18f6914ff37121f1e7c53db640f5257e	258
832ba15f110d06008b5c58e642b9c5f4	258
a49ffce795be386ef8684f7464eb4ad5	258
92eb6c5a6265b837e9066a39119b885d	258
3ede22b2fb5e651e92589aa0b135ccd6	258
02e7e9b20ecb52d311bf4b7d45edf8d6	258
44275141c40da8f7cb5a260cdc3cc794	258
35291edd46adf41b3db114663f48854e	258
5fe93dbaa4716b6f2f9f71b99f4637f9	259
1c3701470975069dd58be31303ecf2d0	258
c9cc4391bbc082e2b8feb366137a69fd	258
bb3ce5ca871410b262df0ad45de84b9f	258
58516ffb1cda737ba1f5f4c413a30a64	258
c9b67d1369ad6e3b50b68678116c1a9c	258
4cfdfb3a53457a602d06cf0ee369deec	258
89f0c68f07c9d35e651ea6536a80cc52	258
b6c65b30040c062b651c36ea613c5e15	258
24c691e98a49a5dbc5680d612ef9c18d	258
0bfcbb4ecae8584916a7e82561306d27	258
383f3bc2e9374873b636dae216fa05ae	258
300941e2a800a00354518acd5b7c97d6	258
1bf740a441cfb31b062bac9fe822b499	258
30a104fe4715f7c55a77bd2e08d133b0	258
3b4ed96e3830f3003f699bb09fd7a336	258
2c8389aafaa4081beb2080c744202845	258
bd2fa10b72e52202c74df73d6b29164b	258
06910da5bae10e5bdcf162bbf4fcf4ad	258
c8ff9082ab6b78938659f2d9cbf9fde5	258
65ba44fd1ea1fca30b1108327bdc378d	258
673b780e72d965c5ec297af6bdeaf40a	258
2a8bef33b692b804490f5e54c9d74b54	258
02b125ca959c8e1decde409a37b8054d	258
e87ed67b979fc237ea95ad033c16e311	258
6d15e495d9c913b8b412d812a3883f7d	258
ff774dceda5cb6541841837d06f39990	258
fb6294008eb678e4b0f0e8329abe1d5d	258
2a1287890de54198e1d168a9c64e71f1	258
3ed929918b51fd24519b6525722386d0	258
432c3e7b5755321a06b1f8ff4966ad08	258
220cd16c39a099f804f69eb6ed263f18	258
317b8ef9e43adb2808e44e9d4c25972f	258
05e4854419efcde2244579593f617d6d	258
f1f3fad8b873cbca1858883da08cbbbc	258
fd5f0cbf8c38034c0dbdd416134c07da	258
b42a1c62c42b05c22b954ad3a3560a1d	258
f300400077a46c96596a3b0dd285b39c	258
38487eff58ce892a1a44dc6c039065a3	258
8c92eea56ae383735b0a3fe132d0ba2f	258
b6900b3f8c84c5ba2511c99b97bba98d	258
70d30d71c18a1b5e804c958324ba8003	258
4fe86fe64964a4d19305b7b969176be7	258
76d19567e8af0ba49a0209068adc12bf	258
6dec3f5e5a2bedaaf3bf3045e3c8483b	258
3a032a919dafc5adb3debfc9b786428d	258
60fcfb96d7886af6b5f30af666df4a25	258
4de37b9ed0cc115ca172ffe8bd37ddb8	258
edadc6b79001e228bfb1c9e380f313d7	258
1169bff9aa34ba3c570279d2a0e35e9e	258
86e86fd56b4f7b09744bfd7ede98151f	258
f99437aa66efbd7758f0023f2a7749eb	258
5a78080850bc52557d9c43555c1bbfb7	258
61e81dc19daad45eeef597fe1d9689a5	258
3205f7a4791f20e363d6ee85970f7f5a	258
99981d457da86fc431a48b0b965ac82d	258
313d6b9a848b842b09e1061d2e35057f	258
c8ca1d6b5e580fd6bddce60f0a99a1bd	258
4ae1bfbcbdeaef4b0b10463f5b85d431	258
b0cda5749255810f629d98c74b5aebe7	258
18e4abe44baff5885235ede45c2b2075	258
d39aae58b3951cbdd5fa2ef1b240e32b	258
55f795c915e6caf6c9d86e06a9bfa75c	258
086a2ebc9cfd523a776848dc64a2c99b	258
fb7bad3092b433f1dfcdbd16506e97e7	258
4e35b8f17b5397a0187feb3188669b1b	258
f974baaa7f020f6ac419add0a9ff432b	258
545b7bf8f576f67b8e11552bba73bdd7	258
e36fe93b8eca99cb5d1f433421f1cdad	258
7a9c9bfee5b9804c14850394aa18eb22	258
e89a458f06773e4e8ab0771ac573851c	258
c6a71946d5d854b5aa2f80664544c513	258
575a31dc0c22288fe4bfba0817f6ee22	258
d72cce1faed53ab8631d76d2374c1b2b	258
7b6b1b0fe8f3d76f2a18ec303fbbd620	258
734d76547199956765fe2a7bf59ff7ff	258
272eb1b320e3f8483d412913f2481853	258
c40487d63722cb8cde97033d90ded2ab	258
ce335de2a7b96358e80c355dd061c04e	258
c2a74889a977fcf4b36bd2807087da18	258
2ae70e3294e821c5b31f8b76d330508c	258
040b66c47bf658984f7dfda28b160bf4	258
34960a6f045a55b05aa5781cb0c7dc98	258
1c56748ec741536d2558a18ddd0b3337	258
8587eea1bbcfa60a0b5b764bbe6f9c34	258
f238885d449afbac164272cae1b99a64	258
abfc4ff4baff0c2cd94a2c5beb7e2d4d	258
983e77b9d4a3a699ead8d6b615742669	258
6e25376d25f71653e7c0ae482942b226	258
9806ffc5c4ccc8e38c58af449d6a9cae	258
3443f9bc326f0cf8263ad806ec282e78	258
6dd38e1c476ed576c9c5fe88ec208b6d	258
c446c43a988afc6b9c604322d43dd962	258
d2ec73400ccca3958227460c25ebefa7	258
696a5856073bfdd813ae77141d16c4c2	258
ba83e7d6eaa1da65a7728784c0901dc0	258
83ca3a965f729a1c887c3caa6a27c3ad	258
43d4b80c5c9b46e92a797ede6c1eab9b	258
a47ac95cf88d2d830da071ad5a8562a3	258
c011af395d3489bd2e34fc271092033b	258
5be296149d0cc067d15caa6d7b44323b	258
c3e2c1a8a45a47744867d19268384404	258
071414af2f28ba56bf4d4369ae74f033	258
07ba13715d0fb7c2d5b4b433b80d06e3	258
95493c4309e12fa8e422680d77babb2f	258
d423feb5a7a3755e9d3ac5b9b6596677	258
110ce8019a3a755b22d711c5310687ca	258
642edbf47688f624784f3e337b94be4d	258
28a785b356ce35faa10920062436746f	258
9023d93514b4fd4015199662d0938c9f	258
d9018aaacbe29ce95bb4623138f60cf6	258
f333eda95e12ed76645b3af9443dacb6	258
ec270d930466ac6e5b70e121ed96181c	258
d065862f1bb978e75b4f31208e93b316	258
bbf3c9404179ce3dc955e41ed4acf4c8	258
15a7c5cf2566a3aa590134fe2cadbeb6	258
a8981f1ec757de707a183c6ca73a9713	258
6f59db102010ac290cae3f8eef165ff0	258
7486fcb3cda730608e3e7d3aa7d75f1a	258
b170a860548f708501fa6c5bec8a25d0	258
718f2a35b12f4ca4ca544c88880f9eb3	258
eebcac141b137283fc7f3b175ea5e957	258
ac7c942882b6a358b0a2734015f18ce2	258
0e7e0e0cadfe8731d61fb8ee20849813	258
4e20b5c6370146a60b641e834b77c001	258
e3d6a73739c4119d1e46c076675f408c	258
d01ec01be1a4617eb096ab55a269f5a0	258
9998b845df1d5cbf14a3d726de78679d	258
6d0c41230ddfccab56dde0e4a3490976	258
bf946bdbadf36410decdb90526d74381	258
a4f5be8738e9ade1cd6a0e7b2267f32b	258
ca39c919a35069fa8aba53bf086dd799	258
95d2420032c6cde4b0f54d0293ecffba	258
f90884f67004ca82e1f6dd2731fdd689	258
7c52b3b0041f084436626c328e04e192	258
da5547b439f087a99f8a46bb1428e7cb	258
1625efee18121341673eb5f0e3d1bf70	258
b5bf04905e9f24083e829f9b7987f567	258
bbfb50a15be4cd2b1f8e26f142fef2a7	258
b92b13aaa0857f75eb9cba75746a66fd	258
c4bca6a9a2a90d6a3208b7025e11e152	259
f369a6d3de989160a9d2ab297bd48593	259
bf8fdd14a18a49ac84f24e7b91c5b5b2	259
96a96deb3539b8053fe1b0028e9b1bf3	259
1dc99a595e8d64477e4114c55fcbaa51	259
1cc8adc89482f8e1b6d63480368fb5ee	259
3f656a92a69260a8e55065985a6d3f74	258
59bbf858c8b525a21cbbe1030ae262ac	258
7ae217ca75baa1411d4877c101054aab	258
ba1b1bab5030b2c1940ee91082f9252f	258
7d1cca51c2826438161c22cc0b816ac3	258
acaead5aee8cce0489908acf5735f3a6	258
aff8fecff77a248847ab749c9ab021bd	258
b6d9315b3cfec3a550ccae0813aebae7	258
003096c75dc08105709da5fc88066e5f	258
c28c656341a32399b9618dc400e0c72c	258
01ade6274ab51c47ac03ee10a13d8e94	258
c7cf3c10f0e8dc4b4f946f4382d03f7a	258
648a38c08e3d3e4dc951e3e9ef6e1af1	258
03df6722b6b9305d48ffbc68637e61f8	258
01f3384e3dbe0f4451b4efeca4b59433	258
8affa80060f9938987fabe273c2a23b0	258
dd37439eeca952a48ab8742a337ac4c2	258
4f18bb8b36ea47bcb449d28470c6bf4f	258
dbec29c90aa44cca24410269436edbef	258
fa19b3325142d71f4efaf6b9f1a7e88d	258
c953dd3cb8c1cbf369357d7d70dc23b1	258
4a4eb82b4d9185899fff60e9a9c9b629	258
cd8580ceaad45b0e94b970763a0cc1df	258
0e0b9604cb035a578d4df6c2b2a3db14	258
696fb9c838f4ddb2f255959a3d298fa1	258
60f10421d0624359574820b6a6b1ee8e	258
597041421ea222defe04071e3df128c5	258
aed178bc1497db248d42c3a3e867a52c	258
da96f1370878e2db9c2971df1a3ffb50	258
c275afbaeefdf7af35517a7de11ec02d	258
b0958394124048ded539242d2912c89e	258
5b6a5b1c8b811db1cdee44f295e1f471	258
77a6118775b573f701fa67d986b4b753	258
c0497351e3ef33b03708b309bef0cd81	258
78d1a9e0f140b67559638eb32041a20b	258
f3e5e17871032b82d13b47f03ca7f2c8	258
4e7caf98b4edab9af04d8727458620f9	258
b0b75b3e6a632bc84c1ca337bf5d8288	258
f90d302135d7ce0b52a0fe6d1adbc9c5	258
921a43ed5df769a4d85b629d43c68b4d	258
20a48960b3b7f0bae54d4e37113b59f2	258
97ddedab30ed39a884ca4fcaa1912589	258
230c3cf4b728783b45e2a3c8d1d481d6	258
46478da428224fd54d04651767f62920	258
ab038eb9d20f75803527dc053b56ed24	258
661baf44200ca9305f0c089a5badfb45	258
018f05a7076b0c4740ad7fe1594f8306	258
38c93f3af95c5f9c4949837a0d00fc63	258
cbf396e609ffc002f0743de827fb7f55	258
ebe345126f26201971706bb57cb39d0a	258
e29e0a6ff39c33bc7bd58a4249d7d8aa	258
7bc8d85e8be080b8c6b44b783f53323e	258
9840c27f74a1e2375d3cf2324c16d7bf	258
9c8b1784d9ec99cc47dcc818862c45bb	258
f0b4e9683d002b2959e58928781341fb	258
cbc34b98a956e7f052b163847469b7c8	258
8bd6e15762a835254f8758e22b1754b3	258
8a7cae548b734e1edc7857b99861721c	258
d043e18e3bc87e1d8a4e2150e750bc01	258
08d539c59ffc42ef37df02c874edf461	258
ee9ed421b4dc4912523b36f27f2007fb	258
03717de146c2568b25798125c0ea4a57	258
6cae82ed8b9483c74b30cb9d010ea22c	258
4a7c546469e1850a363d5d94c689f23c	258
1f79668d0f9620c6bbb08d64b57cdbd7	258
3483149da053e0543a262ac7c216d7b4	258
3c01943282ab3f117df62a1f9178d529	258
b1f8d3c0fab248effa41fc105d2b99d6	258
315bf33c2a0944b3afcc68562d738275	258
9c10f59b35ef46b6f95b76d14a919465	258
46ebb8315c9adbc6e3134845f7dade58	258
9db58ff7fba61b265e835bf0b3954a34	258
f2445433b06fa12292db43bfcd36d602	258
5b09dbbce79fb55d01410530921b71fa	258
83825c9dc354b36483a4bc24ddbb0f5a	258
25b2b067ef303ea2764a930a2da581b3	258
f0d433f61bedd0d6e1ee8a0941f6bf9e	258
7c7bfa3810f218a82c8445681ba93a72	258
6b2e20afb8219eccc103f3958dcb372a	258
548f47836064d96aa5e81bc1c70b6160	258
fcf61b2757090db3c22731484f91b08e	258
8c372ac2f368cd1835605f90f7cafb75	258
67602df22f9ca5ae8cfa80c3abf6d377	258
2a292fd5974f1825f8a06ef6883e55f2	258
42e31296bb7319441d75dc4837030824	258
e263c0a277d39e3df568db5734b2d72f	258
64f4d9829640dde4e29fa924fdaf9a89	258
f4506bbcf67043e7ba380c15c69949b5	258
6f2bca999be9ae1f5dc3b11f7d562564	258
768f817e8d3e3f104ac43bfae1454f23	258
e220087e91e1c27edf833e02667c77bf	258
f73523d76930dac8d3463a4c33ce15ed	258
45327db7f57da66f45d2670525d01540	258
7a28f4a4368d1c3d0464e9f6458fbbcb	258
07e622de8e2771c67ff3b9dc948ab284	259
abe69aab140d8be6cf0b10dd39a6e640	259
b7cff78b2750da89e87189b2fd1776b3	259
2e406e5c476cc59051e09245f479bf87	259
36b29559d13a053313689fcc3d4e1d21	259
88f9aac5d6cef02ed6d8cee3613f70bf	259
d6c66ec8d57864e453e8292370c3fbe9	259
718ddeedc23cdb92e770247ab9f77421	259
02ae7fb2e5ce3da73f13c62f20e69056	259
2d6d53d5c0e5f69cdc31e2dcfc1a99dc	259
71356a7e367b7f78c983dc29f0b2e7ca	259
8d2a011c45dbd53388fd5c0f8b6716e7	258
a23317b5ebab3b54042c0e5d89f68154	258
0114ce245e767b04095581f0f6c02712	258
f2981c78a480b5db8ed6888203aa5fbf	259
de1b68f60921f3371d16ccfae793372a	259
7c30f7c96d19b5d05233e66d91759153	259
f36dc65b9ff85186fc0e58762e796441	258
87c21cb181301906e1a8ffffc56ffebd	258
e2afbb0203f4d143930f1baef6b044d9	258
635168a1830ff36516655ce0ca54f98f	258
4baa0c80a820a3dc5b92f1d183b9f418	258
0bc2dbd23b9a606cc4029905852122d0	258
3ce73b0a5b73ff3a58e7689c6dec413d	258
07fb1a9fc09c5dc5a810c817a1a26c30	258
7716b58118dfe18784cc905617a8d4db	258
ceba1f4600d9c3ad3e73300ab32bc1cf	258
d58dd06853ffd606dd2dce2e2f8a25ec	258
cf1374d4638233a4ea089acaf65f44cf	258
1792c6f6198a45d936c03bfb958f6872	258
7089157221a8f14025f1a0901f17a5c8	258
8744670cb95fe0296cc7169cbcbfd49e	258
eb3a67b095e9e07d82090b889b2a34e2	258
bc1e566f61c1c5217cf6fcae0596297b	258
c4576977e606bebd795c1006371e5231	258
aa6ce5e2377a84efe679aa9fd6e4f270	258
2627483922417d7ec14f5beb16c48c44	258
75055b4b1a5cc7d178fefa6e9291d442	257
cdfb42940c9b2aa4ae3911c5e572a726	257
c9a2d0f65e4561204de8b68d624e201c	257
d275b00f7c9c6ffb3cd47364673e1e73	258
52f67b8df8790bd3967170b40fb69c9a	258
74e107ac7e00dbbd04a359a8406b6339	258
e34c1cf361647a007c11adb7e485e3da	258
0405a75257225921261c82e374bf6796	258
9b75a042be158f2f232fc02b6d93ce91	258
f8f97b24d38cbb2a752228d5e001798a	258
5d4d3f854c9b195d36e1a694142bf68d	258
64831ec504457fb0e1a7de42972959d2	258
6f96ac0709229b057aeccddb50df4213	258
f09187fe923596db994cd28074139de2	258
e3e98a3b8146641954f6bfe886fe1acc	258
637caa786aada8c7e64bfe7dc1548ce0	258
cce9cdabf1ef1c7534ef5b0414376569	258
6c9b4b8f0ce8cfcfd992c35cf6c8282d	258
326cd521a1e4de0b816889f09290b953	258
fa7859dc90b13bfacb34cc8ea2a2a468	258
de2ac1e01432c67ceff6bff51ed7b9c4	258
5572bc94da382db9e7e95933e47baac5	258
331eb771bdc577077149b532ad1aa7b7	258
3de092bad86dc0e44f9590233bc4e5e4	258
6d9deeccc11221c74d127ddb93315237	258
15f78004c1a76607e7b1e45472118259	258
4d98dbf444a3674cb3f26cd8f931023b	258
85da2dc2e3246718809be1e83d8b56d5	258
83dc657deccc34ac1bea429b5b6ffcc5	258
66c9c6c09fc1ab55eae1915ea844e696	258
58c88756d6441d4bacfef95b4837af8b	258
ee7a06966170a974d34f6031c2ad8f96	261
aa9d0703859378f454a2fc3b0625acf9	258
c1492f566509063e502c044691655d59	258
7c4a5359f2d9df2c2718a12e4fd18fb6	258
d0dde25b7ec76778d90ba9bac91a7c99	258
7de22e6a3183b043053a67d34a9e281d	258
6caf95d6e27690ea1529cda9e5717a13	258
faf619850f21b19ea659c82ad13693e8	258
ec6ca38362f9cdfb87315f4213361499	258
3107c5b67ff2ba13ec5b475be3ab01b2	258
aa48d9e35b8d6bb34f7cd0d1af15c93c	258
7614417c17c7ff236130546a333363dd	258
df30a3b9ad3892b3418a5a16756ca57e	258
4f7bf99843072f261cd6380d403ec08c	258
a66078b6f325e5232182b680d043beb2	258
e49a85680f1ecdfc1bed0943725feb7e	258
4e814b83a6c2c4c5cd042dd8a0481f47	258
8e9103f24eee894e7efa6b47b7fb8f4d	258
9558aa21d0b5a7c23d932382ce12da98	260
93a67733f47d83b4fdf9b6586232ebeb	258
ce289d65d3220d1f27ba43ee70b9d92a	258
285d33eb8208fb2f4e8ff1a83522f262	258
30b4171a91521ae4bafca931ff82fafc	258
63c6fe8b44d083a81cffb41c1d18a59a	258
b91879126a381c636c74a6fa54da555d	258
1556e909bb00a0dc54ca0aa603788364	258
4681e494ca49337aaeada51d73738799	258
d91bf7c19c2627d13d73f120145b6b9f	258
89091522f00f4abe5962f11c504514ec	258
87d13ddd5121e7d4f990f777644f518a	258
392d8a1a9a40e4267cd4c9287aebcc82	258
2f66e7a16b6065eb046ddb8874af52df	258
716613624299b1becb58613658436ebc	258
c70ef997ee66b4a536280dec73a72abb	258
6705fae16b0a401b6842e9d24f1a1daa	257
f3ea2a348a06536bfe3be3bc9472cc39	258
825b71cbdcc91bb24eb09a8bd0fa922a	258
a450f9c511616c96aedb975877e7d863	258
475d69137876cdf9950c28026827481a	258
c1a9531bddbac5f1817bf34962b35c58	258
ff56e382bc9dfa71092c31c19ea0b8bc	258
fbb8f94026f6ce304e1c06ecce2b15c1	258
2b17852321d8cc853def8ba85a24fa8a	258
653c9a8fb3b9f9e17b3f82b635e1fbe1	258
9d07bc81e898bf91b515f74db8f0b28b	258
a49d54b8741337596cacffa2b5082476	258
db71b8813ebd9566bacb67b1a2cfb10a	258
e8ae1ebfcebe5517e12aab4ac512bfc4	258
6a4217b432590502585b64383aeb3879	258
dff7613a9367392e4211d6b3e9bb34e3	258
b4097ed9a4086a607d48d48f0d49cbd5	258
905143b6e22c438104ae974958e48098	258
f6bab4fe865f1827a5373c5584e499ed	258
328da1d518cbb34d32d1695a8cd9931b	259
cbc79e6a7ee2aa43751c0422cca886fb	259
4a8a4a9610630926a0504d557a02460c	258
18f4cd5ed60a0e78385ac20df168b97f	258
1d728711822d4c930ab2950c43550ac8	258
2eb58ac4c0ed66f6d2d156b656496b51	258
bddfb83fc0ae4b7ca322d3dabe857bbf	258
fa6264eddddd8e1f75d6a49c6d1faa51	258
bba59a193caceaa55807aa11eea71d78	258
324c139e8571f9d80c88496f7bf59114	258
80e86d3a49a7e174b24a1c0833bfc8e7	258
79cd5ccfbdce2b69903197c05050256d	258
084e6fbe94b433436aca254dbce21a86	258
a64c6f57df863b2e027fb0d883298945	258
335408cc6e787d207999ca21a1d13b67	258
860240de823979923c050eeadf3d858f	258
277446444ed386aed5631667410b7752	258
64159119c1da6226202f5de68e34203a	258
868fbfd952a3a430a18104661bf7f70b	258
6b360a351c0602719b8f1cbc3a7c2c69	258
f40decf009bfc0df983dbdf9d0398efa	258
56d02c369c7d632e7df9f78f24089e6e	258
ad29210a5157e76c71cb1ee52d3f22d5	258
48bb3a59b894c6c8e1f14ce893d55df7	258
d8c41db2c202db3fd27a301c7093fdaf	258
334274d762196176a44ee4f3f883a091	258
8955a8dda6d7a6eb85c66bdc16515804	258
78239c261d4da5f5bf30ac9db5998171	258
62eaaa7628d8fabbcedd5ee456098575	258
b12424b2cc742acf6f36f67d4db5a914	258
4a9e07d00da36126aaa1101536360e88	258
41493c415dc8c9a982c22dec921252eb	258
2b62934b42476b3bf58ceb61a9320a07	258
66e45ee41f4918b5d9252b0bbdf11ddc	258
0fdd7a1be4a9d87d069ebbdf9a315020	258
d0090fb0c6ca06f718ca4d0f99a06d54	258
2e5052bbdaa6cd6556f51a99d90c53c3	258
9bbb2cb136fdfc2f9a7b0242bbb15358	258
4a76e263760a5550cf5d375781640cc9	258
c589e52fbe403454befa56c895080e73	259
9798ff9f519262adfd9886a19495163a	258
f0aebc114f092fed288d8dff9cb66620	258
3c10f15f23a06e5e59494eef68448a08	258
f47f173f06f69978bf478be26fc21322	258
4d947070a641ed1359cbd45d86e0a28e	258
d6661c19a7a27cb511aeca050a1daa74	258
131988d1544c9efdc381237093b78a40	258
b79a628a15b5874e56e3639d987742d6	259
50064b54571057f4cd258021909634a2	259
7c6fb0cebcc32ec4d87016e9b18439a8	259
47dbae7a701a4de6cc4874cf68b637ac	263
9ac65e59eb057f4a0946814a352c942f	263
a9d0fe664210121c8aa03b062bda0737	258
5c428f9e754feed1ea4e620876379bf3	258
5ccf26775665915fffe512fbad5c1c62	258
311f60aed51c40cc72d9dd07e5159b30	258
fb4341e6f2d3177be9c5051c9e0f50f9	258
9ec2199cf34954fbc77bf425335b9891	258
946578d77536537d9fc4705e201f330f	258
ff53820af1b39257caa440e90f9e9b79	258
ec2c4a03273a9c7fc06efe15c12cba60	258
516256d170738025f97940f248f56102	258
a056d5eac64c05e517870526eca5f62a	258
955a7da4e6c9484a7b92e5d053deb165	258
f5231415806a51039d849de6531298e3	258
3605400c8be86112e5edbffed77b44f5	258
f392d7a4e7aebf706f944285f4d81da3	258
e993a2cfef0e0fce003cf5ed23540b6b	258
df93da53d227fc4720f5f8991c81dfee	258
eb01b89e4676a9af3c15abc13ddeb84d	258
e5bd48986dfea4cdd5d780dd78791d2a	258
3d7d2048d348b00acb5a030addd5d8f7	258
9709c95d86c220fb64399777d0bb65ad	258
aedd1e7f273164048e05183b1938ebdb	258
6466bdc259fc78850dcd5cc5830b1179	258
22249d74518b967b87a0f66c882d9f70	258
56fe48dab2e66a18aa64f8f541a7d7be	258
8a8474d9c2d7a6e094ad25bcb40affc3	258
c8ac3510a70b66fa3a74cfa1359bb5bd	258
dd7643a56c8d9fdf0bf766b5169721ad	258
d8aebd977106a5daa06e4f834fdd7664	258
f4e9bde199573edf423e9b107cfb9358	258
03f9b0f75fa3c60f75f8ad306a68813e	258
824523b53148690769bb2a8365fdcc05	258
e709b376e33ae90fced6ef4c0136af3d	258
bb3008553cf3178d3fc1c3167f46ba78	258
b6fac91070d5efd7d69f240f43d34c03	258
2cf002ca57a7685ef5f92498a9617f62	258
ec19a53d24a7ab0389bf055c76372666	258
a933fcb0966830f926dab33cbc397044	258
b377ac7df5c8da162a38ad6d95dbd4d7	258
305814b9f5827b66716d784f3b7297e7	258
03cee8430e9284a3ed3eb6389a115950	258
ec8e5017afe4bbbb407c6440ee884093	258
3346f36ba3bb1fd69151ef5261b10d62	258
899e382a357c6bcc1d3d734b5537bd78	258
b6f74b81f95bff4eec285f7de54e37a1	258
369a9dc737f866d48081bfcbbc651622	258
7c197ec0653a71080bc96e46b3193c08	258
7896d6f4ebe4db9fb3995c7d292ce139	258
5cee0f51cc3d60f915a8fd36abcc1c40	258
f36034d9d0efcbf42493a2a91a5d63f8	258
55c786014667eadbd663c7335fcd4c44	258
9771fa8f76c07e046f3d34ceb1abc7c8	258
4d15a62087d547cc00ce4bf83c36ae96	258
716d850d667ce7f002f0bb3ca978bb9e	258
5bd023c27a067f304afad78e5ee78941	258
583b3ee73518c536823710cc75d8e715	259
978228620d02c2e33b4509001ba5cbf8	258
14b6185ceec27df2ad47e167c187b1e0	258
2d62934e07628328f90d12689f06cd02	258
a2d775fdf8691e3c48d208df58b6174a	258
9ffbbcae783d8a120d304354a0481e4d	259
15264e31a216671202978176e125fabb	258
ed17b4287682c91d78fb3efe1bff4611	258
620cb53be7272a6813206adcc35df116	258
d996c7a4cdd4a46cc630ba3f42511932	258
1aa5809a60349f452ca0d86456d205a0	258
2e8452fe54acf76c1658aad5d23fc41d	258
9d36bab1df7958f52e26d300d5c2d6c9	258
d2e0f8efd82b1236773dd88950bc4bb1	258
ac3ea42818d0a67b0a508fc6113bd701	258
968dd4946b23aba6bd990df64bd9373a	258
8e0391254368f66c146d1fc86cbffe78	258
82c6b498ffc76db2640cba47671bb976	259
c42aa739d07d5c7aeb3d7a147a9f4f47	259
1db7adbf2be548ae1b5764402038c110	258
0c021228e6219679bce86a98f2d5514c	258
145dca60c6f1de59c2194321fb7ff206	258
815c07215ff269f5d1aa4b7008c5ec6f	258
9e36b94ef8f6b6948081bc912e821f6d	258
02ee251bd6bda002abc75404a6938a85	258
6c23ff58a626791c4a06fafd67fc525e	258
8dbe5208c9a4f6ac8a913f98cc6cbd8e	258
943c41f5409596fdeb796f32482fd38e	258
b6de5ab1cd7a70bc4830dcfe65c46773	258
18004ee5ae62263d10ddef9ec2269bbf	258
121146d116e1da1ccca3eafb6547d2f6	258
4c03789b11d7a07996b706d1f98bbe4e	258
187d84608b2c19996abcb1e3c34dbb54	257
da5507992f2bc29b5180f34715d25167	257
a9d41860af3b51040850d5486eb84637	257
b5c61597ac89751a62aba85128384528	256
6e079d5766fea83fa75c909646dd3d7d	257
a67e68178b243c02776aac40c2062af6	257
0064011562f5b9717603b52e3db77128	259
ec6c1e9f4f7e0077e7b4ea1da26d62e7	259
4044754e9ff4ccb6b91768d031e67ace	259
f1a5a82875bc45308d65354fd7d013cb	259
73b5a4a20027a3f4dbfaebaa1b77d63a	258
51c01af4bcb74955f462e1e6db6047ee	258
1123690234cf5db63674bb8d21efac87	258
c8316b0a79b6ddc954aa161d0392005b	258
bd74f88624180b50b2ffdcef1d0ac248	258
33d0c9b9046ded02b88cee5f5712abd8	258
23172356358c9ead0cd9ec143c95d4fc	258
15a6bfabc139abd49b479c7ef8fb6ff7	258
0f945ef077344bbd75939b3dd7502351	258
2b668e4037492465413bf8600c3b8281	258
954e812094b28e584afdbf3928f62ab1	258
c04c593c38ba3d6ec1678eea9c853697	258
e0247224f8129394cc80d7516890d2b6	258
45ee054fd6932a6a9e522347a50a231c	258
947253091b0eb6f3e1c0bbecbfcb9f07	258
1ee21530e7f897bbe372864c6f9c775e	258
739991b879298fb1e4d860e05fe731c5	258
8f9304a1f3200d09ba6af14a1562b866	258
2173b40eac4768c5ba8512175705dba4	258
d477e0ecd36c9dfd5e3a45b9c32cd801	258
7cfd7698ca9dcad58b9dd26c9db77e8e	258
9b240d8cace6ddcaad3fb800321550fa	258
7bb84edc7e4a5c577c99ca4634b16b15	258
2a5e4d9c7de51339723345d4387b3b8a	258
d0dd039c35bbdf579a27f21f0aebed9b	258
d714f03fd3129c312083be013fea173a	258
7ea4dde6ed7a7d8c580a8f190e6da275	258
9924827d6d1862074a38b4adb4155b11	258
f15a5e1423288aa7b1e799a3b3a86020	258
37948a893dbb67aff1a6262a56a0d693	258
13c8da28941809d1a27f9b87d8b0775c	258
ee45632c10dc717675739e2adb4047b3	258
64c6cb941b6749a890f3495c04fd441a	258
24503657b8b0518887e247efa3f5a4bf	258
0e06e470aa61630f1fdd29c5abbd2bb8	258
a0894dcbb521fc63beb684c963aa0e4c	258
3a2a663063ebdeb66387c2871ecb8530	258
33e2b8eb3347f3a4eeaa85f71e7dd8bd	258
61100d3fc0c7f8cc941d4152b6463794	258
6a4a437bb4a2bd8d01c5dce977c11df5	258
375d11c0ea139cc72a70358178331a1e	258
c003946455eabfc203bfbb965471400d	258
f9d0c77d0f90cd7b593550e4db68a99d	258
9b57d3408449f0cf86f041f1bcb280b0	258
a99f862dcca0754c6054a97e354e138b	258
30e1b3e3c592b3ff20345d2b08e4b782	258
23a9b8e0e549f4d8f399bd9ad5b0e11c	258
128bcbc417741139b93c72241ac21ffd	258
95a89cf3ff88bc46645027417a73c463	258
50cf74c92c784dd91a5d3fec152321d0	258
9e34d98bc53868145a1e83f6dcdfe380	258
52105a9bc8eccf4cd388efe9b0006b7d	258
21efe95c5a5349f5350ad816698ce869	258
d3f67d2b3e6edcc40cec052098395bac	258
ef159f1106249da718f281f4f12866f8	258
2d527b54a2c9f62267de85a36e727f23	258
bc22699db05db89304fe92ef80362f39	258
ab95709ef806c5bd9ef2cce3c7128aad	258
44c6337bf33390b8f5ccb8128bdb371d	258
fc2e296099f196a77fba41b84a897519	258
1752c06b594c48d697ec076c08c72ff4	258
312b4b5e5480df4154829658058538b7	258
45f9163c9d3980492fa8e59f6fa7a9d3	258
01b7ea617578e36b4fa96dc600610a66	258
ea1b7c184a665557756c49a6072312ed	258
4bec6e9c6d2c9353b8f1d32575b2410d	258
c89e3da63a7061668ac8bcdfbada39d4	258
8c3b583da54d67aa7616610ccf20f05a	258
805f752dd072e0307d225945be8cebe5	258
f78d49a3f4f36d7081353150391c3fe3	258
96f18df38902e3719527ae3c742ca650	258
71a0d2adcd66a19005ea922b1b78de74	258
97718cfe6e67c32112e3debe7e3b324a	258
4e8c53e643af509568abdb31d5565974	258
86fd5a07d21bb7a6c99823bf2f6d0077	258
0c4314d9413755f7d4c266ac0b1d9115	258
e359dacd743d68274c93545f977ec024	258
1f6015a2d53d688cead8c26d784f8f3b	258
713dacda847a7a0689d2394d610e5dbf	258
fe60520e983940c3d1c5858b1f2b6c42	258
003069b855caf26120415128c9a8f154	258
620d65f55a5518453b666823d43d2ef7	258
aa4a513de5d4adb89363bb3ffd9c2bf2	258
1bdf8f802a336d7df447dc74051c00de	258
2f2af9bc5308aea23c30563b76bb41b8	258
cebd09d34b4df11a8bf760ef4ec6d1b8	258
f671570a6fc08d616c792f73edec3f75	258
abc71105664b92ac1d1854c5e4c7f04d	258
ebeb417aad814c94fc4028640729da6d	258
7eec198ee7cd849c03c0dc84824f99ee	258
555dcd1b7ff24a101e8bca34a9dd1e18	258
6b5402428f374020b29abdc545768e56	258
2cf016180b99d0777f39c1a9c970025e	258
2deb5d4a5216d2c3acb8c4a2df42aad9	258
86e6759f930206d6b301ec8f5e7334e6	258
245344235a22165a9d52bd2c755786c2	258
6289e09735f84f4d41ac8eb88e993306	258
3b750e73d82e50e1cbe7a7eb9b530aaf	258
a2bc09b0c343d0051836d5be55606266	258
8e85f35c8c4d7ec3fa588b4d4526e084	258
ddffe18532ee738690420e9be9c5f78a	258
5363e20fcba68a294aa9af6e6d6d2ff0	258
1e941847b2d81c72b1d32a0d28cf8930	258
ace8653774ad7aaf07ce5324868fa111	258
f796f7af1f70d0c58fe6f10ae0140c8c	258
425ce1ea125324e42b7940d17112dab1	258
a964beb3557193147487e9dbf7717bb4	258
907192798d9cd7a08a82a6226d68724d	258
f2a21deedaee184ea8fd9e805ce57f29	258
8ec9e8ea0c6ece25cae137eceff41fdb	258
8da1e51e2f546c2d9f92fbacb8863bb7	258
e7898014189cdc2e2f77402d422973f0	258
cb6cc10609a6b3fec45a7438b6efb222	258
2f62a2263ddcbfe8ff4c5f18b37f5227	258
5353480ea52ef0b60383e8956a0984b1	258
98427e3a5701f25515e8387e1b99cedb	258
89b07922e3fa8beec0c39e35f661abe9	258
cab345f5ecd1ab0209fb67a82a71a5b7	258
323658e09906b6000d1a2839b60985a9	258
98e566a66fbcbcbae4416d2703464a35	258
5a54295f71d7634b74771769884d2853	258
7075db8e7d3d55289e8a331b5de692d5	258
1499e9c3b5b4d23b2bb4fcc9d255a9d5	258
aad9ea83c8bfa718308551387087da65	258
98113650798706d210c22edd13d312b7	258
0d387277c9d250f6eb24859f50407807	258
d49833bd2ef8ece659a9a2d41ca50bea	258
b0562b54268001ac3e558989d4d1d1e9	258
0411a1ed2bf4ec0faf818fdc32f76747	258
c89e7210db065280f93c1b4d813651e1	258
6a1612dee2edc1eb01338b73bd2c1e82	258
5f111457ca8ea9e7bf85def372a33486	258
6b34c2ba2d121b0436819687c64b35f4	258
2c4fcc91e8d86189a1d823d69c56e48d	258
f5e066b044fbe2754cadc6e35e7f72c3	258
9380a0e833e6e38256cdd1d696a3ebde	258
001028199e6ce7c2e257def30aafa8f6	258
128b61a6606a78428c99887cecda9765	258
4cb479b05a495972213bb29ac24dddfa	258
9a48d3ae7cf13d7db0395dcbdf924cb4	258
f659f2d794bb960614ad2e6aebff851b	258
40f13007d3c62b5b6811225b778141ef	258
d3dbe083138b7b64c846214b4b3fb9b9	258
078f1bfb1a5e108cf375dfc430789c4d	258
031074ccd15da4f06d5b0967f684cd7e	258
85709408022a48bcbd229df3f72cf6e8	258
98ca5c800d47f5f978e5ba9545571e31	258
f3393b5c26ce6546b0da7269ca6ee720	258
cc2f920ccd12ca7603ebb11dae6ada1c	258
0959e67ecdf20c394916181ce1f7b3c7	258
201f5371c32d0791453fdcd4311c60e0	258
9272c8de283492b721a630e120a7e67d	258
98ee792162d47b4f53debd787c0540e6	258
8b39cc927b2dc622740c45aa1ead8b34	258
ed86946c102952a467d8a668a5ed0961	258
cb959ea27c2c19459c65f4597fad485c	258
70585d006571c1e98f8b3ca6e7c8dc91	258
1d6a3a98a01507af14e5d778e3dd70ab	258
7c7f5fc24ec73066e5964a13a91443b7	258
083ef907eb09c23a81fba47abe6bfcca	258
230d691b58b1580e6e356e5e739c598c	258
e479bc05bf5c67929b86955580388b30	258
8e3cbb0c3d46ee4cf73a1a65825fab88	258
b159e480a0a008fa9e3da78be7ff04b1	258
00616c2a4bb35c8653cf7d62e93fb8e3	258
184e4378546ac62998927775f688c88c	258
b3d96aa3107b1576749dad43bd5fcefa	258
524bc7577fe31dee71ba140c06a9d3df	258
4a18b82c3febfada75b1f6450fee24da	258
b6423cd1f7cb4b700ef7e629529d52d6	258
1e520c40d68a01a937111cccca63f781	258
78e9543956cb0de802376e0764fc42e8	258
92760474d1ea4377a237eccb5d98b8b8	258
9c7aad326155a7698bc602cbf35296ef	258
8497950bfed9e4ea92c0a4a6a2a84433	258
7a0bda31e669411abb88ab025cf03a54	258
a7971b95c3706242dc88078da2317754	258
22f458d1aaeb9afe0099bbb4af4c5062	258
439f3c5bd17e287ddbcb90ae943edf21	258
3733c96bebafd4b4a971be854e37db79	258
a4e52eccdd0be488eced697a040cc285	258
67dbde2feebb1fcc82a824c236912f11	258
83f29c1811b5f65430ca4802955661e7	258
fe7aa9bd692adddfc6b05d9ee1b29d73	258
7c2b10057c9bd2f0e868521f2de81950	258
156b983010f1d0c221c190843e31a8be	258
7d63743d6deb5057335a5df84fa6428e	258
fba3d9d4bac43da5bde0907b37090a7a	258
1ca61bbcf61763485ba4a6e5224f0be2	258
d21d3d4d4bfd0205bdad5fbaa63d02c8	258
ba614061cd559abe1c11bab427fefb53	258
a68ddda0d737a616e82db80f80eb779b	258
5ff9a0430d257a26699ee24d5822737e	258
2ee174ba6d84037997c580c0dae62d9c	258
3f811243eeba33e9a8bbbd7505a967eb	258
f176a97f107447c78d00bb39926ac6cb	258
c0018850a36171c975d9c9094344d9b9	258
05fe54fe5c046b4de6bed79258a9eb16	258
fbbb383de71641852550d4f751256b7e	258
653257634450edd492a7cac3ae80aaab	258
6843a941f672213740bc604376cefecf	258
50e9d778f500ae3ccf1884e81008360f	258
1b77e8d397bdb796859cabf31f574653	258
16e4ec3e34338cb1bc362449e0d6c146	258
c7256580c83dc473a5444614f87a8cdb	258
9bbc0e2a5998d9ab719741a4ecdd0ed5	258
257341107f9cd1a3295eba98adddcba7	258
db5df3cd57acd2cd88b6e514ba895288	258
313d36eed0c6703366d154ab0e199c09	258
c8c8ba3616d311b8cf5d7f4e59f75bd5	258
0b1d8008a1d3fa4892506509d3f72dfd	258
1608d4bd75ec56d5b9bb95b4e331430e	258
353c3e90357e3a2cb8debf5ec8c4cac6	258
776280b74eba965ab3e8ce2291cf118a	258
e5c75304bfd7201b3a1593a0ab0e69f8	258
5f69fe55f4b8cc2a2feec588439a204b	258
93ea208382cccfb9f6ce033fa9a1914d	258
44b4b3d5f06f2d3013977a87b9048bec	258
904d5652eba86b7ae585c91b0e570c87	258
8d33b9e24fbd2be8bf729ecde988874b	258
f6128af9ffe4215dd485989169a572a3	258
71976986097d909db3246ea13acedd64	258
4a39d24925df0c1ff6c52aade4278d75	258
06706ccc39bbdadd09fb11cb610b2bde	258
3173ad236986ae3f62d9d74077e679cc	258
32c0163403c5060da892edfebc78a462	258
2967f1c3e9918cc16a906407bd8a9be3	258
d461300b10deb597b5c410722aa81f0e	258
88cfb15ccf4f5401a59f7e30d6890227	258
1f6eb3a0682c666a633d700091f47a18	258
7e222b791fd6df5c89acdd3687ab27b5	258
f258f0f5c77d753d060fbf7cb2f9d0d8	258
37606f0430043601d97eef370f123517	258
1370ee6281005d38e5ee9d0595af9636	258
df7fd470b60559c64ce140f3c858e7df	258
bf5a91cfdafd3d0e67fb0b82ddc86104	258
5c4cd85f5d7775db3225801e8d2ed7e0	258
c693ed27745dd856d0abbcb079ba0d8d	258
9fb1aa686ba7edbdbf6cd27d194477f0	258
6f71c7cece1900ccb4236506b9e74feb	258
3e68d441323997a6944d040b7c6de2e8	258
e7b0533ed03cd0727c31ef38f4c88224	258
4e054adaafef563555c263bb2586ef73	258
9790f736daa0be6090330acb3ff67657	258
2eaa9755fcd58699e1d80ba053eabc48	258
f4f6645a7bcb6ea9b51f7deec141753d	258
fb3a576f56e4a7dab65ee2c1dde20f57	258
f09a552aa37b572ed6eb072af6020c9b	258
9bfa1ed3b4f0bcc14ced54b9069ae5bd	258
8b4667dedca31fe55020b3b1200cbca0	258
218abdb719a6ac617ee7b3eb3e37084b	258
08e5023888c966e897ff478060d68ab8	258
e4344401f3d72537bf67232e317b6de6	258
fd91ac485810567be2878843d11bbe53	258
7bb7cd92f65bc68636f565b647e78545	258
408b64f2ca583be8591d678a0916b3a7	258
5aa238225e91b95aab4b4dba29f092d3	258
13eb193fc6a536aad388d9d4c2b061f5	258
c9d4e8e2d02637472e0484d437034523	258
52bf3044d4fbeb1d1fb1cb40ecaf85e0	258
cf18fc421ae3bd0466f86e192668d330	258
44ca58899558296bbc8e1a03d2cb7d2d	258
ef16712abd65dfbf65879ae0bf131a23	258
b3b2564ead52dfd148b61969c5f9a55d	258
34c60fc5aa8c5705d6a2d25d78e1a95c	258
39f5aac6e214c2198bcd3b20a55d8e64	258
0dcdffc91ee1eccaec19c0b94d8d966d	258
4845dab44e3444a881a48dcbe5eaae74	258
c4e90ccdbb3b27ff957f820a20bb693e	258
a945a5c987359bfabc943a33a994a248	258
1abf5bb939563970b3b9cf377dfddf9d	258
aa3535c93ede9c00e009cd5f602d7622	258
247e40e6fb6b46caf143b96b466d36cd	258
5b7680f91a7f4b45dbf9e0d940058ba5	258
dc78fc0844e276b7fe4aa05c4437da2b	258
7d8ff7cb7cbdc1dcede477ec9caead7b	258
c437fb60f47842f8aa1318fd94813ba4	258
10692825307c96312a296957b6e2779f	258
7ef324206392edde9e0618a8667b9f61	258
c3ca6373a852a2e640678501f38a1ec0	258
1e5b7e82e591e0d4c117b14a7353d403	258
aa639cb051b32357b72216a23e6d83bb	258
11a73327347ad61e57e812f487ff3888	258
94f46519e9e7dde9caeb43ba8b0474be	258
d25597e0dbf260e62d0608f6be31097f	258
c10c71db91981a09000f9f41c4dbfe33	258
29e6afd15fb508158fd6c33f1f0b75f2	258
4809fcde5094b729739e49a1d0172b35	258
cf941a717d287a3e3ec4eca9b13d5b45	258
ddfd79189636c15bfbe09d321d6d24d0	258
7334ebbab1d33c05628d78834d48304d	258
3d1b1d868528606841a45041c4f4a8e4	258
576d4c4be7727f3f7909c94350976782	258
e4f7592473572fcc0d65c9d715a592c6	258
87c19926e05ffab1ed8a0454d58110a0	258
5a89a7c14cf3972de95539d667c8bdb6	258
e791209f51f880e786a10d7f8c586c19	258
dd4cccaa41ff83a8f1e33bf506e7fb22	258
12a7e06512d42dc19f7eb5c494c765bc	258
5e3ace78feb1f5cb85142dd18362edd8	258
1ed483bee7d285afdff3771cd4011828	258
8961d4b9af59edb5638a66c48e9fec41	258
06ce4adea3d384ffa2ed151e1b429e2c	258
d084a38c4442b8738c2a76f669bcab68	258
748acae010c9813ca576d308d4978977	258
e30fa594c135863724a3f57e08f64ccf	258
6681ebb99e7dfa5835a527e066b36bcd	258
8c5508d07e57c4bf78cc25ac0708fc9e	258
276583aecbeb02e971633aabb5a30f40	258
df2f21d5b199fba959456f54a55a658f	258
09e19dbfd6403e1b0ae1530ed8d08bec	258
426bf79c2f50829d61f7e15ae1c7b2a9	258
d1b0b426403e5d07916f515b5ac48ca7	258
fce221813f4733f9f86c575a1e5f87ad	258
b30045c42297dfef10419805871dcc8c	258
cf0c5cc0d1d749b64b741272968b422f	259
d7cca969aa8a2696eddc14831ffa1fef	258
03883373ff7889d256e84cbc0ace7571	258
e88dd9093ec52e3a4ed5d02d2d14d1d3	258
4f17fbed0d4a63ee3c987a2c25dac3e0	258
f83ee3564230ca6e8b21db010f66d8e6	258
d6780c17e700008f480703e85d74b578	258
2ba872f5e01b591febe46e7fcfb32c95	258
3f0e9543f7ab5e59247be3a05bebb19f	258
306a8bc736d0a13502ed944ab2f60b9f	258
40b1f8f3f217695f059c6cae7fb5baa7	258
d8afb30a2c0a048770fc2fca61347a69	258
2a0a0dc75707c87964ce9672aae8b689	258
12ea7973ca9fd9b45e5b1ae659ab6631	258
736ea8fd2fd2465d0077bf41f18af722	258
06ce7423a3500331bb90063c4a969a74	258
71760f59d679b92048e6c3bd0c13e982	258
23c4b9a0648f9c7379aed355a341f542	258
bfbc74cf6085a1843baa31918ae88634	258
ef4ec51b85b05120375509fa9d705794	258
b19eb84eb3f16700ec478c01f70496aa	258
4ac4df8a8886513951a567e9776b0ebe	258
ff153a57547bca3c8148f2922ac73d3f	258
5474a88156171233d1ee89f59a42a21a	258
d576c49c4bb6ac97ffb25161d5bd7179	258
9d7ec0b5a1877c5844544829b2f5dfd6	258
1e964f62af1b9462fb1ecd1fc0539b04	258
54851be56313c3c6800395347c4bb5ee	258
4f35909a2c7756faa6ae5a3d85edf35d	258
8d4bb26d7f7352728bdb2f947aee499a	258
32b53c0e9a0a96838e161337c154671b	258
2a9720ed294df1a6ea43a5be00620d4f	258
9c9fd81fe53dc3a6996e1b99c4301e34	258
ef7f1c80961b6f21c311ef33aa08336e	258
9d9fb336d0bf15cf6269a51892ab1e74	258
33e7b6860b6fbc406e611cf007448d28	258
64fdc0282fa9e3e3913ee597dc744237	258
f1c42c9940a80b1540cc36eb417f080b	258
b49919d676bdbfab8ea4f6a2aba50f21	258
4f5e0a728b5a35cfce354a3912bd22e2	258
21df2c91b9f2c45a79f64dad18584cb4	258
6f9a79b3ddc58798991fcd190ee52844	258
f54c66e6233a05ea4a78c3feb8e9aec1	258
20d4869adf8cdc2cd69a254f9ebdd005	258
a64ae8c4d38251295f30336309695faf	258
256c473d0af7444e47319893b74ed2d4	258
cd70671a8bfda85069336f287e413fc1	258
55e1ea7b5936b4d5468d04c752efcca0	258
6ca2155df2e5f6c10b9bd9d792566eb4	258
98a6ae54c11659dfd4f7b757f2984041	258
9916460e0a012593482d9ffa4fc47077	258
a12bfd75468f9bf74690f7a60036ed7b	258
b2e582bb5cfbb144980f221c47265e19	258
fdf2ddfd0bdeb81f7634dbf76cae6f90	258
ebadcd31fea78c1500160d54bc89aed9	258
b9778ef5e4460bd90f3a46cb826326e9	258
067aab50368f2c61ccb7c55591bea6a2	258
d84c41bbba4fc7f85f2fdaecbefd194c	258
6619f319d91412e53cd66959e4683e22	258
734ae6eef81af8b88ac5e48a27bebb38	258
815f98368de0d6369e7da2bc64fa89ca	258
8cd7bdf6df358606dd2bec10de573c01	258
c813dca0b3d3df7396631d3872a55148	258
c5bf14cf43323b4e7c69e47ee68ab473	258
dffbe0f32c2e2df8c4cc7fceb336f4f3	258
c02855df324210311ad9758d70550fd7	258
fa6e7914d725d6784a1df49a127d83f1	258
49a823ef277377e4b4f6f59a2178a431	258
0debc42df02e2af4d727aa099b17ae99	258
51e4281d6c82690fccfe817cbf7590d7	258
f35b80c259e47371d6196229d26a541b	258
6ea99cc92b0ac5b30bef686ef1f903a5	258
e8648f90c4d92c74bfeed424f9a632cd	258
464487539f327ef11f23ea4006601f1c	258
147530acc5190046b4e9521e5ec8b56c	258
ebab4b2eb49d70753bdd82a3c15eee18	258
1fe43dabb53a8ed7a538fab8ee685553	258
c146018b92b9e11c1c84511858771478	258
3750566203aa268f859978d6b45ccb9e	258
8a03423844f37ab77b68aee7c043729b	258
555e6966bbd2955ecb1c4f9da51bdd95	258
a830402b7dc701f4f124705612034bd8	258
f2c5e4bcbde558c68b0d614c59d2e329	258
eb5e9b953223be2f64792673a4b70cf4	258
31b2b5b661ebb0869d71a657a619f0a3	258
573b45cac2675c701869cda48f88125e	258
ba4302bac161b7f8174ecf3f21b0a247	258
9f4a87b77c4361a59204aad3f19eee82	258
9c729d5b26d69e572663804ee6ad1ae7	258
6450767eeccc0306ca772813d796e2f3	258
b680d2b4604c6a36eb0e285d654fc882	258
fb17d336c68a5f43b354eb9c7c450e84	258
94884b8e05f2cc4ac759af244e3ca818	258
a36e5db8f527001be232d7965b0300dc	258
d589faa1f0d492b89ae98d7cd5154973	258
cdae678882d40f887a3d34b86da88368	258
f5d87a41c7ba44943f1594dd9b68142e	258
c1da3d45d93502e3efc40e8b85ba7047	258
3def61df88088aaa2ab8ad13f0ce5b9d	258
8a0c6c486084aec33b1879210a88a57f	258
d906bc8f60cf4048b2aad9daf85d3894	258
31ef02936484cff78f501da811c49d74	258
b2a937dedfdfb458b2477179b7ae3e56	258
669ef8780bdf9c5b27a7e7b2ff45724d	258
54da6d06e56487c4b72177527ca71b4a	258
85d573e6c698860578cebf17386056a1	258
e34c8b8624eadd75c8a927ece6c6265c	258
d0eeaada547d54412737b9cd45053d1f	258
db4c0fd235096703af8c266e138af8a7	258
1bbaaaae6a34920a87e3c98b1e2f6850	258
1d556ddf82117db454e731ddee3d9f0b	258
a2cea46961153433031a59d72afec4d5	258
b84814138229b66d3b582037582300eb	258
a76ae401310b7f44b1c72edca89667ee	258
4defe39af66fae3141259c3c4abe3aba	258
52e4c1d26879362066c912f8612ab38b	258
7868df85fff08870874bfd2940cda364	258
562fab91d1fd3026441dfac3cb69298a	258
35df3e39e3ae888df38d740293a5df43	258
38ea88a366b0a01ff50514cb418e9523	258
247c597d387a5e91d199ca495a9043bb	258
c9045d76bf56c4c480a30d20d50a74aa	258
f2a6b80217c29d4f612d31939689c364	258
c5a506e405b4446ad1adc93c1d317148	258
e83425a4b62463b87b4a54df6c500516	258
608e75dc0500e8d7cdb78023ceb8e89a	258
cd606671f5e4f422b3fcd96a3926b3ae	258
43ef079b105603c2774f0a2561d0268a	259
4ba0990645ae94e9b3aaf4fa87ec9bcd	258
a63fc33354a7b52ef40dddf422a7316c	258
158826739ee19d8409204eb7b5cb9177	258
16d260069f2ddc7656f115b771d98cfe	258
a63b5c908d252a90e595389c6b715fd4	258
3e98384a4ee5e70e30b93bc2112a1c38	258
18314f920fb1e2539a02a49254ea939a	258
33c803b1afa6a5ce2bf3595bf37f889c	258
be9f0cb02ff250bc2a83f63f3a820e03	258
3d0b8dcb8d401762cddf66d5b9d0919e	258
d0dae830e1eaeec70e9d1ea4425f3275	258
fd3c09ad5e84c35c7d80651099b90a81	258
1e9ca2fd33c7e8d2df6368af5b808176	258
8f1886aaa53fc0ad11aaba3b4956147f	258
09c6f246dd45ab852c26f4539aa7fa35	259
da78b95f36308bf01ba248a7f1cecbb1	258
c8f195f1ec30e7c93e3d44b9ef85b2de	258
c07b1003bf5221b7f0fa0aec5a18fea0	258
faf45c9da2cb10dbf3fef3389b30fcbe	258
0f8b252249e0dd26abe9dbde57041e75	258
c36e654c3bbf137639c898d0325fafab	258
cdea41c0b2342998100988b01e33a234	258
527f619ee1da1e560a223bc94578bd85	258
a5965230729b725ccb2346fcfc7dc4a1	258
1fe84ba20bd2ef99d69330c9c7ada43f	258
9b3498b4d0b0359846406b74aba03b94	258
7418df9c5ef54ab1d21887458a6b05e1	258
f0c4dc4676b5b8414acd3ce3baf76918	258
195107cc69c255c920e379d2044497bc	258
95632b02c2741f87d4ea3b7451aa9388	258
609b16e0e08d59d4fa4bdcb2be992897	258
a51d4eae0a118ddf2ac1c937a48091cc	258
6dff54b76fbb8291e0df9458d1f8c434	258
1aa8545f2451973988e4fa2b8357379a	258
87c206a0e93da8ec84dc0812d12bbd32	258
1e1bdf766c749dda0ab51fe54e5fe817	258
877bcd4a035ce8ce34e1e47c2634c29d	258
7acb20d1c04cae104b8cc6161123fdef	258
b1ff0a4049dee3c353e6027f464d550f	258
c99c896f205603891388b822e6214e61	258
46a85b699e34e255fb3c2a3e265cac16	258
f5f96f0ac13a6bb46dc90b287b104a27	258
67831adba0b8c2e1909a1c1fd79fd1ba	258
39f6b0352085c0d35670eef701a123d8	258
e104c56e2ad5a9bfe7ac8d717f5f2b37	258
11e0dc2009fad622d6e3f760f59ef101	258
9e7c71fb9296df4718c1395562ffffd0	258
379136890d1e4e624c448839c0dee8be	258
ff2c94340a470bbc738554ea1258236d	258
665ed5618c5989a2edbac08cda7d55da	258
6c6eb9528e4aee6a04776812020c546c	258
e6129b0a6b8d5c74c7a977534f38f93e	258
f76701cb7996aef6ff495982abb6965f	258
001dac06573593a2af4f835ddcd854b5	258
643846b85ddf2d5b5a44a14d81438cb9	258
23205948cd80d2333d23ffe5f68e1e38	258
9f686581c6f4cce1d76dc502a7aa29a5	258
041d84c1344294f04bb49b650f192d0e	258
4cb96cbb61ffef7fa6e48b8be36d879c	258
ebf11dac702fa9d90e158df6d847516a	258
dc2f312284eef28c36d03cb5167d1324	258
ea5ca091031ae7856e5e740e03a60421	258
d8aa72580f296014059d8ad0ea6b582e	258
f9d5790eeaae43b93296bb6772ff6f64	258
bf918bb68ff40cec9d9822aad0064878	258
d896dabd2fa98d8a7ce9cd682ee635d0	258
7d557f1f5cadf0142bd8cd8b73d2b012	258
d93ae7089ad2c397eb35770bb9e8cb1c	258
0087efc07c8e6859b69e3460f65de7eb	258
31466fb84a8e1c4a2ecd2cc31ad9c02a	258
1356a0391e3614c2ef872f1bad169bfa	258
197a9a57b0de202efb7673687db36d3a	258
b15da1e0718fc3e05f916ab84de8849c	258
1f95bf460b7b908b1cdc0ba375a56d37	258
e3622d9a1e7762cb22dcade00425dcd8	258
79d5060002eb7ad9fa07a32b38ff2a4a	258
f33880bf8cfc368b17b66f4ffc8d23a6	258
03b194b61ed7d8606c0efdcdb634e990	258
d19bda18d10c37c609824d468d519aa7	258
fdde2175da7e72962af75840869a0c1b	258
0222bd816071b17acc39ecaa70a12688	258
7706b1ac0843e0296c156e7d5dbc4fff	258
aec1e45313498828b20a15d187050f54	258
80d5450f722526b961eacde7ac71ca80	258
ae92668d589540a5f68121f5879c119d	258
b7d46ac1ef386562c48129e92777dfe6	258
f67c063b3613c3d393e05c4eeb582fcf	258
9925ca849087ad970fbcfa5c45f64e6c	258
0024cc04817b412c6b5d07a385d19cc2	258
faf1242a297f8810f9521f5e2a56ace1	258
cfd120a510a3e25abfe2a526a832cb99	258
70902a51bfd2451d5f57b1bcfd1dbe89	257
7d3d4e187576d9e44826d26ec86d6780	259
593fb3bba6b21f9ba9e49ee43c35da2f	261
f9f1791f1ff1873b26904bec201bc326	258
ee192e06b0e39772e91b9c071142389a	257
2c16d6fb8b3bc7e2d496657240d6363d	257
1a079cf015079af4c64c9f20a6f7177e	257
4d0e40e48bde44d05673da907a61bbf0	257
b0bd8c2b7cd1d49b8ebb7c84897d3cbf	260
5ef31efaac9e8afe63cbb3b52c97dddb	258
598195cc29fea223d7f96f0fcd5f7763	258
abc81fa65a276a8a2e2337fbc2dc7a21	258
95aae24ee9b30c4807e6ddf7861491ce	258
12345f0dce71b0a92a4f45ea8af28c2f	258
3933d1d62ac08f18a776cf90dcfc0053	258
a6402eaa0d8ee4e3630ff1a8ccafb1fb	258
b66c5ea466c6a9bb3921e61d74142f2b	258
76b906a777bb8fcd3cd770f2fe3d81a0	258
de1b2a09cb1e79585c439857e4cce9d0	258
30c1519659a27c0bac58065dbf4bda7e	258
76d17b5b743796dae633610562c1d132	258
e20d8a5f1c851264b850be49253740a6	258
4f9c5a29209cf3414c8b5abbf75ff8c3	258
52a4f6c7fa618e7f6447c7d0104a0c40	258
0779e45b146053cf7bb74a6356485173	259
b84b05899a8d5eac925efc3a0683c76b	258
b6be847607346e597817ac5e0348b4eb	258
3c12d73f65ecfc717acd9e90b11949fc	258
b3f3bffe9cdaf1bbf0d50d160b6fc2e5	258
2f7e04227360e2a5a631625d7a4f23d3	258
47162142348c393bacb7c0f9d8eaf705	258
bb1317f1ad21b64a2275480479aed421	258
d9c851d106170ef0c48d88edd316d546	258
9a5db5fd34e5fa9152e19052a6019fd1	258
a74f5213d16ba2b14bfc9becf6188672	258
e393e4e4f9be9782283fc027a83a306c	259
eb64bcabd2541d107af346bea4d7f96e	258
e7e1f9560421c485d2adb08cc6693419	257
39ec4e595f9511567ce888b0c3bc6aa3	257
aa58d29ab38702bce2548b6a0303e345	257
5dbced27ef986b3f8bd1b2b3402f2d96	258
bc5ba511ea6f647bfa7aa695a6814d30	258
9b143f427cfbe14e6702d5341defe299	258
59df1db62b9217424fb7b25933d06932	258
57728b47f99c6ed5aa3300f17485b905	258
fd8aec307c1d613ebb2e3acd7f456a67	258
dd53fbbf286723bee4c24308df2f48c9	258
ddafd456dba828e5523d0a2a115e03b1	258
8b985073c1e9fc3967ac3ac42caadc27	258
2f1a16ccde11cb0bcd8e0506a6952b16	258
da655a69817488f847aee82affb4c947	258
355ee657a13d365c5bdd58e431513272	258
bef06a5a8364be6f2b9e53d2c36b4a49	258
dd04fe4943f23893808f3404e9265f32	258
2631f103564f5750cd15ec3ed9579339	258
6df9b5f9169dd439c054387058159d59	258
edc963358f9cac139302489301578251	258
0e5550d0f4327a1857f2bc0a42b63d56	258
e361a34f683d18498cf45930554416e1	258
42f58e461a7582e9095f6065da6ee536	258
c529a479d3b231b3105f0dacea3a891e	258
03150abc5ba2191d5194b258480f870a	258
f0860478afb38bafd2d12ee74e9f16c5	258
1bc8e8634339eb058dc87f132e746959	258
412614b2d50db0b112d58c41f1de720d	258
6416ae753267020ba78c198d7fd12c8d	258
511fc39ebf52c8e3c2391091fb3121cb	258
9c69ff9415441a492d0a7beb61c914b3	258
f8f74920b5ab075c8ae0a3f1eb5a4366	258
6a690430f72ca63744f301265ce09586	258
e319f872ffc553cc075c74f9d34b6e06	258
19b5ad50cfcdd673ab1627da5491b33f	258
628625b84f8dea5b1948c96415390229	258
0041b997cff80775fc52c9197996c3c6	258
fa6f312872f0442225f1166f47b49fef	258
aa61f1eddce6cc79d115dd4c85e58e9b	258
a3ba139280ebf58a1bd322a91a5c2f3e	258
a5834a2be08fa1373cfcc76f4ead8095	258
a434d4b30322110fd7b77cdf3e3b64fe	258
889b10895f3686aeb8962773edecc955	258
2d110cf0bbd5c8264c63db784629c856	258
eaafd15ab8354e344ed08e8322d04d77	258
fadb1b42b95bbf74bceef55e2fe7aeca	258
d0c8b42ad876a849977c68ebd62c90d5	258
4aef297f35de9e81fa4fa76f20370b0a	258
de0e3d0502ddc140cf2a95e9dad483a5	258
8583d2123aabad9d7e9f34d3aa54517c	258
32d7434f33ce6848214de8420e50a31b	258
1ec35f14109d4f56119994d979efbedf	258
3d2f1b7be9de3252f96ac038bd1a1045	258
27f125bd765af051f85fc516b5296db6	258
272d0a430f7d63464d497b3bac2b06ec	258
ca2cfa01a44e59d9999ac7d1fe4923ba	258
bbec3f4e33abdca47c91edd400928abc	258
8c6125be5705c92de232fad95de8b228	258
c57f3ffd55fa468df5f27d5f324c6ee8	258
bdbd143741ac17091547666c79a4f776	258
aaa1c6f4fa691fa0ffb858a139db7239	258
4abade0e65b4305759a9d828982bcda3	258
74625a62e93095a911b4f5b97d09c180	258
fb21cbcab9c515d95919bd6b1ec570cf	258
a01e50f786c118e935e3f549b84071cc	258
faf0f5da1c15d3a1a0cd944ca8298e80	258
dc5baa6cc7723125ab60b07be9d768f7	258
5e8f36195f7920eff7a4c553d24677fb	258
eaa8c25c26eec78266d167c60d5fec07	258
942d98928dd9b65993a7e4dac3708c0d	258
479ae72763ff74815739ac2731a79a6f	258
1efaf99f114425019b1f1e217d5dbed5	258
c50ced1d5b2c4060f6a50c508a960238	258
33b98588230ca1fab940ca70ee20b6c2	258
bbb92ff6dad9be8bde1eabee7ce4f7ad	258
84bfdc6a9d56d6034e06ca826627f47e	258
33afd50404195c5c7e7c7f461de3b9a3	258
30003129d4c43bfefa293ce36b5f51c1	258
d4e4689542dcb426cc86eba09c01a0ee	258
a649dde35d9eab32187b4ff01ad38bef	258
29ec24e922eea7f2e8238ab37a2973c4	258
7d7d7a2735e0996b0d6b0935660f2307	258
a32ad8ffde0a525c41e2786ab0ec0b0e	258
2e6371777e84e0b9922ba09750d0d930	258
1c1e0b3e7576fbe77ff522d7d70faf2d	258
fc8a8ad04f0e4209334c8fe2683b5030	258
16c49b5c420cb674d23351c31dafa33c	258
b573b86563d40d1e2946b54ac3c80be5	258
4052413cec5494a21e37fac62b1b3d11	258
02e5e04777a25c0522e97a9fc3074371	258
d791429b80727cf6b074d073d810b799	258
e1808dd1f37e6bcd95c427dda37d3206	258
114f4ddaa47c934f3f3ec7e16bbd5129	258
5830e9a73799d77c56d27e4a69618852	258
0541b372e17e14423a7947ff02207d01	258
8691620ad0cc5f29239116d753d454e8	258
0d4056f57a43671fc1af76d0801c7802	258
d60813cbf2b912afbf6265d79894bea8	258
d10855c0173b5541c59cf2d69fa0b75b	258
f44b4446a961b9c6de1cd05550996f44	258
3109773f26b7d7a9839f62ee0ed68580	258
cc9945635b701ccdc65759254e704e23	258
300a55d47e97509bd427e6fbc7219550	258
97db052fe0386e2fd123d1de2863acc1	258
202e0fa799a436d7dd7484ac5be04456	258
797935f195e557c31272262671b849c1	258
e88ee4ffd3c492613398cdd5ffa100ad	258
5c0daa45f283510763ef4897a54f0af8	258
12a0680a2c8cd3db67eceeb73a66e106	258
aac0a41f35de81fc18a5e8fd0cba4f87	258
ccb4484db03ea3c3b746ae6440f5568e	258
c1dbd966d7d960b9e78dc8eb9f6d0661	258
c8d6aa3ce3d2ff71ddc10f50d9d1d159	258
a1e227eeea5e177358bb3efbce2b119e	258
1ba05a2c6d681f25ebbdf39ba43c6254	258
587711e334de94ae6472d81b14c31e91	258
b0329f0fc7ff96662ad4327de46fb65c	258
618cb2effc25792f6faf91e1fc9ac6aa	258
4e1045d9b15bd5bdc5af71271a3c7d6e	258
30ea5c3014ba78a1bd17662298f70099	258
e2567ab88c14b2adb6da33e6410f8527	258
e582fbbe0bac2e4739df102c10d7cd0e	258
72338d60ce2932e877d6ecf7b0e82d13	258
268fdb1fb3be980071f3d37526bfc673	258
f90a08fa7edb3dcf649e0b410facc50a	258
b9ffffbe7cc49bf56b13fea2673257af	258
beb885f3426a24362de230c26a0cacac	258
1ff62486447ec9c55bf43765d33af437	258
7dea7a33633ca4e54eb915b90ca3594e	258
885d68c8c7ed656aeb4f4791b702dcfe	258
66ea96059cccb6fd666f9322d05b8a23	258
04a6c0e2a4db2fe56b9a58bfd61c280f	258
b923ce5a54cf2c575da14f6fb4d6bcab	258
7392022f6eda76aa3a11d75425351e0e	258
45ce7a8e24f446ed69271cfcc1a1b2d6	258
a837eaf14829aaee5b4b8f10121dbf76	258
c18f6beca85f84329e81feab56b3e863	259
6f42e577bc19cbf563ca3a4936afd781	258
deb12bd9bfdac60b173800b0c9615f45	258
3e8fdb85c2d7bc061b60f2ac79c5b728	258
8135c1033a13d27179577d74d096609e	258
7857f4227f4eabbe69998df39932ae64	258
afee3160d3c2d4ed504f29e6b36c2cb0	258
5aab5e967d108e99b04b0fd8aef9b448	257
5989f8e483994af377a8ce8aab091192	257
45c83a254d2453e8ffce74b99408eb57	258
30c67c48aa8408b9a8382f73fcb9615a	258
17bd91eb2d1d69b54bc5198676c8172d	258
f036610e15fe9d7740a9e6ba08c1e15c	258
26dab0efec3eff22748b4987ce3ae32a	258
08fa26d455aca12252e18dc60bf7e4dc	258
fb9db0466d2cb55dc735da44b2de47d8	258
910a44f6035f7bfffcbc6ee9ee567174	258
36c802da599f847556afa341e9c78ac7	258
789aa2aca24312b5c54587f4c6da3412	258
2f4c4c2b68e87798e42fefdaa2809e30	258
b3a1197cc76e834c07f856e560086047	261
547714681d3783a89673b44b4fc310bd	261
f1f2e352a1041da7140de091469d1bca	259
3835739c3db113b9b83bfc592bc37574	259
1fe53ba5c96d1afa8373bbcd2f4cb521	259
e8e3d066a2e25ab815b65cbf0d30ee26	259
7b5f0417a8030a21cbd9dab17caf9597	258
1aef92b007db61d847dc4a91308634d6	258
3d39e356c56891f64ed08576f386b563	258
29e300da4699e96f6780e58cc6fea3e6	258
ee0d9b5fddce22caa8707239ef96c4e7	258
a9b1fc66f22f8a2d93fadc743dc3440a	258
05e8beb1970ae4b47c97512ac9399a30	258
20e35bdf6513f97db56e32f33e318b5a	257
033792dbcc52d022c4ea970c25b13494	257
253cc6822e6bdc2f7f4e919342b048e1	257
a0906afdaa908821941d129cd6f89754	257
1518751d9b3a4ea9ba0a44056e3073df	257
c95133b4213a742556869879445c38b7	257
9c61fa4de62cf971f355ac13f7411fdc	257
9490ed43f9a5038d4e6f64041561f0ea	257
85fc640acac442f7c067d136b4deae4f	257
b62bb8beee795500e3c0499eff69689e	257
31010b9cdea4badb0a9c37dcd6bc38ef	257
40d834ac8c71d3d2a0dd466def6d6413	258
0bf2c91ee55728a6fa774343b86d45c9	258
164aea43be4aefaeefeb60247c5ae90a	258
2393ccaf90fd61e8a36190b27e8e8143	258
e0838b62097cec49794115ddf4860a5c	258
1ccc973a0381d38477031c69a6db040e	258
ac6db06e67659f37183e91a2d0bb9212	258
43a00a89c117a32bda4d5100622f2ebf	258
028e75fdf146ec1cef3506eeef4635de	258
25d24a0652f10bf227771d76ec4ed036	258
2a682260b5cecad1d6fa652352f80b73	258
b5ca19ebc3adf2ae21e17d3a077b6c0e	258
16db0b2bee1c7702784e7f1529eb8422	258
c812d09324ab416274964668cff6ac45	258
89764b9d8efbf594ec35c02863b4a27c	258
c48dde79735a858fd72de656d7e4000e	258
4764f9918929c0117f27d9d20b2c4aae	258
a6b6f8ad11e0c926a604f1855a835693	258
275c34a7c761a836f1ad3aea8641b80d	258
e0f8254dbfba0c4168a479355cc590a3	258
8c2c27cf235bff967f1dd293542862b1	258
c7ac37e9379e5b81a686b31013afbd60	258
59c7feee9ae3a7076cd2252587ebc3f3	258
e561d3a1e6935e8d62a2237b1721fc5d	258
f1d14c6cc72121c7d2c4ed12d40297e4	258
273b06de329a5eb18e1ab26a0e05c89e	258
bb673b2efa9d79a0f4b75ee01c29aebc	258
4bf3bf2e7ad5842795fc07ec811941a0	258
13829c29b30aa03ab4f72cd32ec9867c	258
90576b206f0408a9960741d185725a24	258
7a0d52771c6af9f951648b1ec546624b	258
a145849c3c08a8843c1d003d2d52e9b6	258
a2ef39779e52e46211340e43f0953bdf	258
bee0bfff8449dbdc783f4d469f99a9b9	258
de2ec22e935b7742ed61c507c462d1c6	258
89bdb20d858b41921e0a13c810404f68	258
fdbb26e2229e073e5db37355e7c25a05	258
08ca3015540b34452d933ea66d993d00	258
a2af437e87887269051b2e8d53841e84	258
25e89bf37a760ff1796cb79e4743fb25	258
d91fa82dbde6cd9bbd488ef6f5736ae2	258
ffab09d7b8057e606bc581e2f07ce8cb	258
ef4d9a6fdb9e1dbdf4faf02750522650	258
e3d441c690b87169f69184ab5c4a8225	258
35e5fdf431c13028139dbc33476c2744	258
a0ae0e3e916a2cd2a0ae436ebdb81f52	258
a5bb6dfd8cacda16651d8de2c2c2ebf4	258
d2a7551ead5a78fc53f4f69d45f143b9	258
c25601e4ff6bc50c453beca129b2482f	258
6dd883f94870e100e62eaa3242a965e0	257
0d835f71326984b54d99bd911052c3c6	257
cbc3b163620d02aa2aa44fa4fd404e4e	258
40cb9f5ebd3bbaac7a24ea4dd93d5e40	258
9105abb5e0726a0dbc4cfb1be18d048d	258
daa0c94009cc6c1673dadab501d56b9f	258
9f3035cc234af4123114f66af78c976d	258
3317d66a2a95c705b2a65bcee197c5be	258
fbd05b1b3d6285977f5490500678e573	258
6e21171689a738f279eb595e7f414caf	258
ed39be6efd999befb1f5727f66203939	258
289491a1d7651cd11802f8d9d1c87028	258
d3b9758aa6f2f2a1fcf8b2fff4afb665	258
f64f838f0925a91b396316b189685b89	258
ac5420f271e58d47ba1eaf5852c3f233	258
b483c7fd67bf788b1bc3f0e5381424d0	258
43c4b45f1400620409268e9afd0847ff	259
2c208e8e2d713ae81c61f87279826001	259
3713173e1f189c5f692f2cb127df3039	258
65d0932427246bb2b3e5b8167cde1d9c	258
19a57805464592470c3d55ce91f630eb	257
18b9cd37639e9ea441b0a60cdc9dea03	257
e047c1cd8c0366fc883362e4ae34637e	258
8d1305d172296dda5cf1432046a40c3b	257
161a6b6b152f44f944a102b01621c347	257
7e8cd5ff128fb434c0b7dcec8a3ea489	257
3996255326f9ed31f33842a3a66322db	257
6d3f26ca3507a12bb9ceb68d757ffb2b	258
1dab6a9f3afc48b040e27db161f684c4	258
ed49d2e190e54baa9cb90e4fb3f27280	259
aaaf7c2d5874019c209282524e359dcd	258
ae63471e72e72887911eb96ecf0d0613	258
e0e5f47c3cb8a94f876f7affa1b1a9c3	258
557812df05c27423d23d60c788431c26	257
a43610b6dd680cb9ca7c5ac0df65d886	258
0e03e5fcd3cd907247c914f68129d3c2	258
36752726028fc6054badebabfbb457d1	258
74c52d134552930fb7516986095ff850	258
9355ee47eb82e75c390b90a2e9518d53	258
486ccf46dbf2a37a377d2520e6a5adc0	258
91c6d36a63b53a59e28c7482d31f988a	257
905689a14692b98b49adbef3bd889e11	258
c2c1466b388936419e0e899099377588	258
a1212dfae34804a719517696658c1ef0	258
ecdf1a9f7a2ba67c142776dbb33836ad	258
d4e7c5a4c803b9cd4d62f3d9dbb6845e	258
9fb7e3aed4db1b06d4475b8e5bdf3885	258
e0459d9fc2b57df1b9e7d5a15ec6f063	258
b97121eeecddccd02e183357424e9251	258
f52b9790da158c349d1e777d73f648f9	258
c7f269e9cc15899c36970ee5d7acc853	258
574129382595f4d5abaf774c5368fd50	258
27a11a93fe6796b65bec62508246e218	258
c2588f0fc9c36e024d350d3e450571ca	258
504ccb444d2c56ea1db7ecd02b55cbcf	258
5fa59c7365a1767c4a5d910e6b9a5c45	258
ddb078ea5d42443a35102aa2758b39c5	258
4fd87c5e0a95645819c8089a1e665d3a	258
14ff3f4fde59db805572ccf907371447	258
1dc1c3c0fb3ec6c48735d0bcde008a68	258
50c43fd2cd05905368f74ffc97882b31	258
2670068d3f22d3962b2ab9763636abc6	258
386b30650f0c9157f3e6e55fcb8c250f	258
a80aabcb5451e7774ec631277bb6b865	258
5c64c3cb0730df67b52a88c4890af5bd	258
4f11286e97c8b32a3246ddcd5abafe32	258
5b6c4c62b9e66433c499d7abc7e96b2d	258
9a8b5091d8eca85552276aae27ed62f9	258
1052f5fe154eba8d4afa72836d63b92c	258
90931790e9dff82a65408ddaf47f1b7a	258
adb46c83f23ce344c5f64b5b1865a9c1	258
7add80e2c345496993199ee79da300d9	258
5c0c052d990ca18cb08fae80631a194f	258
c52480adf08b79c4b1a04d7f353f9f77	258
2c99794193cb4f20e17d07662da4b351	258
d06af7997431f4bf0df990d3d5363fc3	258
f73ec02b43b6bd6a19c30dfc11325160	258
d69a8a175f4128d654764280040465d9	258
9c2273b434a3f96b83a2e714b148efcb	258
5aa849f8d85db1fb7dfcb415ad05f051	258
d1cd59c973b62bd4abcdfba675d51a76	258
17879b933db327ef41c6bb484807d7ef	258
6eddf7b420e434383f2fcf66d3536ed3	258
cf8eb57fd2412eeee83e2bb9630f6de9	258
f7775d59967900a9bf744a885f836c20	258
17d9aa92d2827212bc63a80624a71733	258
21ee345c6d0bcf9bfb279621be519a49	258
81d9fa6191c80843ab198c76bed12674	258
846b118704a6a3328b149ee9909cbafd	258
33eb144d07a34bd4bc739871e5b2bef4	258
b24ad545a32382ef4d64c64e2e1b0e00	258
038280ac722aab1b19e5812a2ff81d01	258
d1e7a3bdb72f76284409995e8a424c8b	258
43a762f4d9c0151798c39914523209dc	258
17eef0ba46a12d119fe1d72fbaa28301	258
c10bb08cda0fc69faa87af8a9575d27f	258
b12cab2a6f9032b24c379f191e19cee1	258
c5fa3b058c1ccc61025e9dc490d74715	258
958e5acb3a8e660358f17ebd5f1acb75	258
21d0b57942321a9853daeaf54237050b	257
c94bcb5c2b0dbddf9e89494a5ed26cc1	258
77c5cedae8437d754c2dd1ec5d846ccc	258
46d1c82d534653d9ad5f2bd213e14ab4	258
40f8c571e7306264dd08d4c38832e50f	258
bff01182c12d83f2f0a3e9b702aca759	259
dc446972f2035e39d0a7164f3912199c	258
52fa4b0262c286cca978b36bdb635284	257
c1153517dfde9c3426be5d8737c5a629	259
d76f9566486351a48e40f4708c6309fe	258
96efee8041a72d0ae85588a6445272be	259
4013f53fe598decaec65bf9097db5f72	259
9b22a8c67880b89e76a205e0dce6d347	259
2211bf4d5c1a2c5e6b15713b3a690941	259
d2535ffdb93e8d7c3ef7e25c4701e340	259
abe4486792558b9ef87358f495bb96c1	257
70694e135e6b786e5b4fe8c488d67329	257
39cd2c069cb056d55ea5354c4f84295b	257
fe494c4d536deecebf821669809ce5d8	258
f0771aa001eee3641c04449ae19111c9	257
16751e34f22290bcd39ffce7274ef699	258
c14327c74759f5f003dcc911c8b59637	258
3bf9fcff488ab2106b1f4c48b8c569e8	258
3cd197750be7f3875d151b0454ff6e57	258
029b86ba1eac6ec97e93d811c08a514e	258
a4fd48c7313120551e0bf1f7fc777874	258
50e361da354cfe4ac44093faa3e7ea95	258
e9eeb4b767d596382796c7adc48400a8	258
71c8fd5fb645238fa7a5736a2ae75870	258
58433cbad6f21bcd9ac02edd3269eb08	258
6c869578509809dc75a5ac0512db6782	258
0ab5a36e37e6bbf87a0000a45434fef8	258
c5bde17f82aca051d3770e9ea484e5f6	259
33de6d71314b1b8bc96327583e7c58a6	260
154e58707893f5bed7fd8b612b3e9279	259
51d126f7c5c3b2992e94a473d8ab412e	259
e1ceaa0e083129e73549633c84e45fe8	259
4cc361750d9a74d54720c80e955b0f25	258
6920378e1d11ed9f4ce3550b5560ab12	258
d598df7ca71956fa80abba87d4e2bc81	258
7474055f19b8347718d09ae4921fdf35	258
068d0f0c93d22bc479b8769f75faf228	258
6504593e2e4fecbfce5af9b73106b65d	258
a4046c12bef820e7c154b80f654350fa	262
24bd921bcb83fb6e0a254ddfcabbdaad	259
47e4ec2a17dc48680488e1bfe5b24df8	259
daa1faa5246d415c01f99e86b25788c3	259
6e88e432cc25f4c7af16d99601e90ffb	258
639baadc34214431fbfd2c0a5acae778	258
0c337e46bd1d78aac14b91291225ad06	258
9fe1fb1ad7b03a9261d0c7192c1d2a0a	258
66d82146bd1226d6c127c5624a90b0b8	258
926de8cd5ff2d45af2854f6f99aa1bb7	258
232827955ec4a03ff0220c9a50942e58	258
8e6ccaaef6f63fcac827cf29c95b33b2	258
1d656cb7ad0342d19300f1c52a3a3b40	258
5435433e453ed31138dc00c41e4d0b06	258
0486dda80653b53cecf9f8ad836f0282	258
130c3b0f6eb15c7f311806d2dc14cd09	258
7d4d4bf179fca7862f9f45605c160fc0	258
b00439312654528d7085d531f4752af8	258
697726f5bd692bfed66f579e12507cdd	258
775d3b4c5bdd5f06bb0790ac38054774	188
eff5d9457e94fa1cc3b63e02167c2965	258
be52fc88e32e8932f677daa07050b73c	258
68e50f0c656b7f8642fd45ed96d36ecd	258
ab293f92b8ba4ce89f1c309ae630d474	259
c197b38ff19e257309ccbcc83dc10586	226
0444c2f314a4b28fe4ce2771549e62bd	258
01a454ce61a93e64fdc6410bf3585159	219
a4e0ed1b49ea6329f5d674f5766ee874	198
d8e9e3110cf28cabd1d8b26340e5037d	222
ab2a8868e8b4dbfd3f48b425c69fa2e0	169
e1c7a773feeef78d3a0dac834776c459	205
938da02ac21a1fef707ad18278411776	166
de6a34979994fe92b458071bc8cb0890	166
3866e1c9892cffc7d7e0bace199555e0	249
9b83bc96034f2ebae505b6be3266740a	262
e2abb0e65d9e76d662e05e6ede10e0c9	236
657963726ac0695b92de1fcc45a13644	173
dcdf578facb3740b1d6103c6365506fd	162
02e60d9b04d7097b4113c7470f3c0c41	177
bccdeebfa8d28e5ce8cac93b384ab1cd	177
e3e5f2ad2bd6200f5ddcb3ef08b80777	169
b3054ba5d42fdc1eeeb5771c9b65472e	174
3a28b862fb9e50fe768c70cb1396d3c3	170
6042261f2573359252cf59e7c10c5e17	169
5b5708307a86eec5bb4470db847d3d07	257
475207d8f6698d334336cdc88f23b67c	169
466288d77ddd529fb189faf07168d241	173
fe3d69ceccb0e23b6f4c5d9e75e896f2	168
d1cc82635ee1bcb1d0b878095288ab40	170
a3f5211d608e57d25bf0b7b578fdc2dc	170
fd91773160a320fb244f95eac3244b0e	170
9c7484f9ff9802eae7a3ef1012b40f82	170
050ead6c5984d7d81c2aaeef38c843f5	170
516d72f5d27dee63f96a56a2cc0144a0	198
bd12b358246cabf8681c3bae7329e9e5	193
143e583a6cd8f76a5790fec77314bfcb	170
d82069dfeba41408a032e1765560b909	170
7c1b1e828495f173b254aa0b631fee91	170
874503e0fd2b8afd62a12f4145c3a9c8	170
dacfd75416a385a8c0bca3d36eebb626	173
2b4e54e0ac813e2c38e11821181f6971	258
6959b69d0436a806d15f93832c4103e8	170
968f74b4985488c547576f1d824bc2a3	173
0ba0206d170e057270afd62f81581101	172
c77ecb48c3e3aaee460c072c36365f72	173
e199eca6f7e1f11ba67ee8e487396510	173
0f96448ab36e8f9e90a30a3b9804ce7a	173
4af625d7fc70e6eebefd6135ce76ea97	173
b7d33b3a4cc8e1de2cd44dd234c8a4f9	173
6f2b41cf29f6417a311b29729519bc94	172
75c50fbf9a4481c7052dde8f66a67938	172
eb285407f592b993332ec65a5d3aa3f7	172
210826c6d62c8d2f31ef77d906723b40	172
025853987f78b814622139985e677987	173
eebde2cc657109c551f24f53f081511b	173
1144f9b0db3cf7c715a85e55692f5739	173
4357acf84a4c929183f0edceed1709fb	173
1ce4e947d64f8ae79e687171ae36d5b9	173
11acb3c204511cad1f119f24ffd13bb7	173
4de58349364fbd64f446631f8f0366ab	194
cad8f82e91da26807b15bf8c024ba597	194
6e31fc3d10b94160ff40b15e03b7396a	173
7e10d68ecd202e456ba6ea6a6710eb4c	203
10875e04a2a6835700a451aadd39deab	173
3dcc9707fddd890e78e3972a04eea890	201
da2b95bf4b69bde55cf20a91b5dc1a42	173
279ad29cd6546a425a5da5026c63e89d	173
c2a9c52a8222dcbab6fc405393af54b7	173
03eb4035b6bc3ac3a1a3001180c1b2d9	173
f36752608d8822810533999abd33a96b	173
8275a39c4e46230303c8fcf62f1cf77c	173
89c9ae2b7c126c15e08accdf4bebc08a	173
3edbb5342f70493fdd7b4c9c16cb0978	173
f77618893eb018052e0f564b44f266f1	173
9517f15be6240677c8a4fb1a9bcf5cd7	173
45a5542059206fdb0dbd92627b759ac2	173
d91c6a42d4175aea09b6de8f001bf7ea	173
ca167ebf384b12af277df1a8c5a69037	173
4990e9b17e1d817a698b1605cc0139f6	173
7f1ba6e35bd7b0d1cc59b9ba60b5ed59	173
6529a8b96769670b3373d87205aeace6	173
42a47e0a5299a6fc1c3d773db20514ea	173
0f33f49a33a0b3f176ffa36edc89990c	173
95cc373501468c5ab93d37327e8c72b3	173
e0dffa6e7451103869a26de526aa8c80	173
ca72eb2e36854bf2008bc426516003e1	201
85227660239e11dd193847a384c8d2e3	222
f7018b5a1077dc89d3c8b5188bea9b6a	196
721c4fcb1177504f6394a47a6b10ccc1	203
eb957ee64fb9fff3ee59f46352d0bfcd	200
00ad01e78980e21dba4c74f2e6a2d771	194
063a85a6205e2a8c3d1636a574239a26	200
9a48cd8637be93c897da01ba258837ab	201
0e1f3febbd9d0000034885e9c1f1d3ff	196
96d8016bcd00c3240cdcfc9003204fbc	201
b570d1e2c0fcf129a039f609e5340622	195
7b27a7732050b6a3d599c6b6735225e2	203
a06544302ade3a672f7a5fa64ecf7a40	204
9e8d587910ec5a82747ace1e9b162227	199
1f4c3b6cd4cda8ac79402dea3acfdd8c	173
676cb6f3f7ecce92cdd68c43f1868314	173
fee867b15215c5a2eb5930f50d85aadd	173
570e982d121386c85a6e604f621cb2b4	173
56c17e06e48f3c11884c181207c1dc19	173
38d51ff86ab8d85df410de74c2bf118f	173
4b4c78baa9f0c31dd350e493575744e3	173
bb1d41a6de581f2e54262d1048504687	173
d8fc28932b814faaabeace63a49ba56b	173
877e9f5c0a16d68a6cf83ceab7612d6a	173
f00992d9b8cc478728e2fcacbd17045d	173
bbbecdb30439eb6a9f2072fb7d04d93f	173
eafc0c8e7c7f57f91e39d3a89e74df7d	173
e3c1faa176c035749b52a1945f13b2a6	199
603afcc6c0f3aaa394e9964eb8235b97	173
151855c2cf4dfb6ac2151737513d77c8	173
19b2761fa31bc57747b32e32f21c5779	194
a6cba8fae2b0439959563c0ffdb18e26	173
31633d62416d18568d56dce6dd0e029e	173
80e868d37106b15bf5f6b79b7d9c1037	173
56edafd1c9f54c96e8e796d9b4b4b285	173
f21f026af8e601b201f9ca54801f757f	173
ba97c1d9788206c54a92098ad9dc6d71	173
f968b8c5ea225aefd80a494e5e044a90	173
3f0cb29a0e513e3fe57bce9b3a89d641	173
7145a42cf2415c14242694c66a35ac28	173
f3aa296ed85d4b68f805871d864ab886	173
498e4ee4f698bfa5f9f1a94c507251da	173
769f4d886bedb5953a062bbcfe1116d9	173
58d865625b5f3df06fc09d1ee682d2c4	183
e06c80d7ae613ae916c53e3df23511f5	175
84ebe50aeb38fac574cbd97bb60dec23	174
b55c36c77b2752f5926a8fa643927ac6	174
615e324b8b129f20bde82412aa43bb6d	174
a830ce028420449ba1fb522f2200145e	174
fc1736a1c8a1f48b5f65fc2e5b4370dd	174
da17f17eab79cd42e9542cb22f65e06c	201
db556d3ef3c102ac820b017c51fe58cd	174
18a9e75d1f26bb69d5c4b4aee7c21d44	174
0a80cc8abc991bebacefe253b6ae19e9	174
68ef565cfd9c9435cf8a238e658e49a7	174
6d4c55678a309d44d6c3f4f1c5987ad2	174
1c3884195b1f98bae6b648b7eb4ede9b	174
87f5557d882fb7cd472f0dd2b16aba8a	174
a5636cf9cc94dccf7e576c542fe2b2a3	174
ff350894926273f050d3cd5530bea53e	174
11f8b762f4e88b320d6b8cc0a8ccecbd	172
2e80ac70fc23f4b096d1a78d7f565e0b	174
a2f492c29341dc5245baed01ca8f9bf2	174
c09c3c01adb69ba6ac73aca3eef3d84f	174
309c9ac917004ae8f161ec8c4176bddb	174
daf139e31a0acea5478c4e911760ff14	174
f97765021ade5ff63c17e33471b4f18f	174
aceaf8324fc968eaebfdcd112a5a863f	174
3752a9e879c70cb1848c6dd1eb4673df	174
ec810b54d845ab26b890147bef36a76a	174
e2da5e27a6288990e9e1acfe46ad585c	174
ad9bef778f03d6dd6618514ad47bf023	174
02667b04e6b238be9ac1ad00c290e956	174
04367acedc2869c55262de62fbdff4cf	174
657ae105eabc0c7e62e7966fbd545a97	174
785c7d95078b720d30a584ad5b755294	196
b34925cb55ea79ecb38c1401b9940a43	174
9f577dc86ce4de0cb10d47dca445c6ef	174
b99cdfe63cf74ac1a49bbf4dc5ddbc7e	174
6959d4e148ef366b9def6a74c6f07c02	174
e2f41fe8d8a8a7fbc84820decbfcbbb3	174
c0261bdf3a1df7d14359ba90f666c218	174
9966645f8d961b4e1a5e49cfb19bacb8	174
80bcfab69a60c00f301f3fdb17cb2f6b	174
ef45833a6db7d06d35cda94f2c585518	174
60ab914a486b80758a6461c006a4a3a2	174
507aa9076aaa2be7207d649b3f3c83fc	174
2d90063c2fe9e98353c430c795a56721	174
ee63ca2f9b4d3ffa3cb6ce9b341a2383	174
c857a4c70ebefd39f9087dea4f8bc2f7	174
e13ce39ec2eeaeae9ea2c5f2242a2a40	197
520f8369d28ae408f26fb6fe33ea70d8	174
bc79a5fbe009f319db4ce7ec33800021	174
19f84a987386b90cf09c507bf215a752	174
fc287b5f49c32c38154fadb2e3433401	174
d4078ae729dde9fef2807d2b74d90e84	202
902870bd8fcbf12242af44515a077a87	202
0c0c95cc450307980a9c0e03616e731c	174
2b70349f5f1dd69caec32c14ca193985	174
d5682f9e27e67268139420029036721b	174
2e07b1972a5314032f5e0fb79920edc4	174
f41068e5536c889ff13e4c8b452baf63	174
28232afecb9ea1fb922723c3474b6445	174
357539ab73c38afe39cf1f8fcb32e1d1	174
943cc4890e64c26ccddcab3f7d7c1686	174
074aa38ea13bb4068b77b09302db291f	197
1b218cd10c125d920c8f385b6184fcfe	196
715b5cec195b44f1d08b5caf7c8cf7fa	174
77469920a8d3408f85fd4c8129934c47	174
ed734970f6bccb0b5f6cf16f6e9d3bee	174
741317c43f5fb8e2e92310e46dcc9191	174
c86b95798ef12dc9beb0394608ec863f	174
6453a3944b141a662efa3b54268b60ee	174
031868a814a288717f1ca0fce86288ff	174
44db3a7692baf2bff67617b4abaf0d4d	174
904bf1d428f93d5fc1446d462c9b126b	174
6a978297304e5daf97aeb65804c04dd0	172
5bbde0a54f8b364886acc185c8a44c2d	172
a73c2e4dd10898ca0d2eae4e115c65b8	172
65d7f68c293cd9824f3f7c2e7aef587f	172
69cdf463fe4f367ddd1ba1661aff87a1	172
442012e3cfbed2d8ae8b2832dd707e29	172
246d3b6184cc289e86c67645d43cce01	171
d4fa4d256865a99ce6eb7591783523ae	171
022061baabca3f47fbb5c15a286f1e40	171
cde7b32594a8935db73c4152908cc03b	171
4ab67dc232b1f83b949edc8c25ac4677	172
733cfc1ef0209954c9f0e2731208a68d	172
ab549bd87dccfb8cd74503f74522bc55	172
adaa43e0830c875c737040c88389f095	172
36000e2d9c025c6a48dfb725f00ea760	172
198b4f6db7acbe274a61b10cba070dda	199
d5c477d5b36c71ec73658142e621e348	170
332307f0e4e686ea14c71056e3b1bf6b	170
ddf9c4bc0e0814a335e080aea329ea1f	170
a63d43ebde40debd459dc00a3528ed9f	170
287b39797da57dbe6d5ea2cb5a27dae7	170
f4b8e2da27927a2324d1173dabe10e75	170
ba623f6cbd5866bf51ced9b3ee910e28	170
69de9425b0a304b8e728246a24b36525	170
93d43397a00c10d36633606f169e04eb	170
0784856b97460ab9303dac26196b351c	170
3dfe3323f3696cd45343c11aa281696a	170
8704d81b78eab9081a384058fbd09232	198
4499131efd917a70ab9ea10cdeb87948	192
8b615675fa4b22678f090746f0261e6d	193
2003736f464d2e06601703f1ebeaeaba	170
e79c46d8c46789ff99446aae9252c6fe	170
def11797a42b815ffabdc36eeb0197c9	170
d9e66b256fe7db74b7ec26c760101c4f	170
3aa3192208e07e44b9227c778af5295f	170
d85788a622f716a17333fc5e89bfeceb	170
e313adf33dd6bb1e4ef701c8adbe5f0e	170
b5c34ef134910380cfb14a21c5078927	170
1ca58a8c601ad91d11d0c6a4e49ebc5f	173
cd5959383827525b3319ebcae0c11e06	172
cb67f6735f1708903e20856cae7dc4d2	172
74c443106aa9b02032f588b87b1db4ee	173
899384625be13b86744c855c47dc8684	172
57d0fcd4b04ec769f71ccaf949af3417	172
67afed1706bea0da03c3d6ffaecd3f25	174
e70cbfebdc43b0b82d33b9f643abacc1	170
9923f33ac7da55837b1ae5b61aa909d0	172
74979db6215bd7e3d55cc0213f4f9654	172
e359649d08e27da6de743c159b82e0e6	200
b64d503e60f4ff23e9f7935af208325f	171
f97375ad621554cb84c89c406828008f	171
9770c4a1dd8d2fbc999e4240099fa9f3	198
75aab20814a261e6f45aa9bd401c28ea	194
284ff01fd20e094e6da74924641c361a	193
44385083a523e207e60c94c2622462cc	198
58ba7d6e96c92283e66c5777bb50519b	197
6c781651ec1284b7e8c7f1ab1fde02eb	171
83442b1c88d61c6e04fd6a5ebab47036	171
57115af3d3d732f97bfaa77bae8919ea	171
54a730f97b18797fd93da262c2461d2e	171
dc234915150a8039f9e2cedf13359554	170
171775d4a441ec0b29cec8a88a588927	170
88076004d72a684929cbb1c53014df12	172
881669e98d14803928eaa38d64cdac70	172
88ccc280d870b9f18a65841b821f4d50	172
13af1c0d73c4a4ed26942cf640d15bc2	172
a9c86908822413827afca172ce7a241c	172
682442035986d27e19b5b31adf69e53b	199
cee0bb92345d8253293cb23dc3e9be03	172
3ea192ecbdaf80e0df08e0b64d2aa246	174
478be68033778fe0fd898f399acb1f90	172
321a25df36fd22b909dee7dc849111b4	174
f2a60a67c8f0480aa9ffed67799d08d4	170
a0507432e823eac4bd7863a7900b1c39	171
a70fddb688e33e5781251a533b4960c3	200
0e0372734db5140381d483220354b646	170
4eac93eb8767cb466ff1e3d1227405a3	170
056851411f71accf02954a8d04019ae7	170
67ff5be1871ce74f53578eccadcbc170	170
7d18288d5591b3d67da557adbda974ea	193
98e6cb659e443174ac63657525680246	192
241313dbde0d3f74e219085a8c8c64d6	199
c53a396d2e10fd6eb0c92d07ffef9fa6	200
a04f74dd77e42083bb6d32af39ae883c	198
c5415123e18c7e6e3054040935005808	193
f091afb08909dbba25a770a135c9551c	193
bb50b299a0ce5edd000b1172947ad998	170
a85fed1e5921776b42074569d5d4a254	170
7faf514af6ebef1733be751b24dfa582	170
003dc236a7476e1d1f10b679ac6bbc61	170
134d1217d0a44d7d0bb254cea4c48830	170
f390ec50361bdec73909603296945866	170
0769eca044e73106226867566d1d3fb9	170
26cd6ca2f754150e6274954a3a706ec5	170
a4d059f2546c5a4d0d73f8cb3f99c6f8	170
4f9da6de5428532b2ad3456c76bbc5a6	170
7f0f2fd97add3b26c9230809458d0193	170
cff4b201d86b9e3684aaab722976698a	170
24316720df86f36ebd4d11fedab1efd6	170
4cc6b9235aea91f2ec028c491f37dc04	193
421ffd1d4adb65be0c0abbb66de3f2e5	198
2b1d44967a5df972bc221648d8fd9814	191
a63b1c8df7b7ee11c9d48de7af8f9bcf	188
d8be5de5d993325cde5de9414006e000	170
43ad522d91a3afa8537072b466fde86a	170
1708fa0f6388fb5a9c068b943cb152c3	170
8cd186e2ce5edc8cec567ef63209ff8b	170
b3b603332b6c0ac6638e44573ba5ae8e	170
e636ad2b1b50d1fa8245fba9fd345f40	170
680ff3821599f565f91e96f855c86c36	170
9fd13b30597d046199312ebc3b4754be	170
cb05c04d5014908143ebe6e6769bcc6f	170
f9e2a3631e0bea6591222946f95cbf60	170
9b1463ff1dab6a65bbe3fe516553ba2b	170
e8eee8249ba3682b5b1ead1346f0efad	170
6343e691c1aada81e07193ecbdc8d210	193
53bd6b50ceb3f4364a279f5564870abb	170
a8a32283a14025752b049393a8a790b8	170
663bba5c2582b4da00918dd61a0483f1	170
e0d84f7c8b90fcd658c166810861cb9c	169
a4667ba7d2d4869f237e1cddfb6f9d3f	169
d5450fbb25ac2b6bd41f0033a237741c	169
11fb0721428bf779bbaa260242e6a5dd	169
e8f71a0a5c87a7396eacca9606599bc2	169
de79a85690d8297ae90d71497135df1f	169
21d5b2aab62dda8b1c22098ddc0a48b6	169
2ce24a5313142eab6a64e5193ea263c3	170
5b7f86a87f693ba5b6e7c23bee0d9d17	170
7fcb5f4479e913509f6ef6418751f182	170
9b86898e48975d5b760dd1cd010fe064	170
af6177c16972b4cb06e24614dc229b88	170
9b6466b41866886666d6718d79dd386f	170
5e90d7bafb62e7664f11549c3610bd75	170
ecebecade6f007d3b0c5db2011e35b40	171
96aeb823df01a94ea24b39524df46424	170
f874aededac61496abd7c82d9136c169	171
4de210edeb65b390ec290e198a2cf6a8	171
c4606b69f2c26417838edebe6018fffc	171
8016ed909c38b94171068e7469808d0c	171
4c2e41dd08ea8964b015c16cdc8b1f00	171
aab090bd29382d6b046fea689641de06	171
87c10ab617184cafbb0c6ea050361f32	171
882cfd80905b484f58ff0c5d71746894	199
26f235bfbec4e13c9401957de87fc598	193
4575aedafb8964a7f9024bac8169ae12	199
ffcd4bd1947c9c0e79ff1788d69ee043	171
1b56106ca86397cc05478226a6d783c9	171
f42765c0fd042a2ca42849679cf9506d	171
043be62524b503484d0cfee1815e0758	171
2b8515b48b0730800f19b8241c18e215	171
2790c1cddc7100aa9ab75e51855d1d5f	171
00fb5db23d70d23a817e2d66fec05b7e	199
393da3e09dff39a443e2475e407197f4	171
17edaa2a572e23484262acc186e311b5	171
3641c90cbb0ff72a18092c56e4f164f3	171
a9c01b253372d748afe805cb3da2ffcc	171
956ba1ca1b11a4b8d3ab3b2e5d21e1bb	171
884d360521164727d1944c183bcebd7c	171
de47a3c61aaf1210e82e6f1cfcd50b8c	171
8677a01b57300f12f42db408f82dd2e5	199
f6b8548c2ce94041b099dd67e4ae6d37	170
e1eceec77d9f3cf5911450d80f8d5ed3	215
84317663aa2ce7b35555b35b80b99fe8	170
20b1db760ca081415fb483f5c5b6028c	171
45f9b7a83169fcff6ee0bc73b136dfe8	197
5f59b0bb665b66262bbbec82ea1fef48	171
8c1dc1db6b10b2c3a850a2c97126b7c8	171
15ef367648d4048931a18e45ec04a9f1	170
4126b6d3747a5eee81ac169dfad122fc	182
566773268813bcdd52322d3376364885	174
3532d230db4a38b54c91c94e45991fba	172
1b24830b3a073f0c9883583bda3cc991	201
177eb5a8c9e641195d5fbbefc856e179	172
0d4b8ee772ac2b757cd5a94f4f6e2ec4	175
f790b7ae944c67223e7b0a9138a47dc1	172
89581ca8036c8ef3336024287fd21912	172
d3ddaf6c3852e46ecd84e8fdc00a1d73	171
2f32f1e13772d18b962541fd472b660c	171
e97e7f17f10f9323e3994c31d1d75726	170
6c1618a8c63d023e209852cdbc36c4f9	170
91b925eb0270d167b00febab22d16669	173
21b7af1aa4a579982087a92373bed40d	173
d5762d581ff2b9ac86000b00a37f3627	173
abb86c11d16141d5d3d9c49fe8647814	173
efa99dea864523325b1e09ccc1196ac4	172
6580c04f57971f121a5b84fc85aad81a	172
69a05c28141c7bd42d5bc7bd6338b638	172
82fef66626850d1d79d1ff06e7d19c61	172
1f914fd886fc5ea414791a58998400f1	172
00f15054426e6129f68df07b3d63da8e	175
1ebf8e66820961db04be86f08b1f2691	173
6750bfa5660db5c1d85a57b1406922a7	173
5b0caee95285a1d4c71ef477597b5fdf	170
a1943cbd7153bf9f1b7291b0e68b7080	183
39ad824c63b8c51581d4e63024b8724b	175
b4f92257dde4a754e81b516c1eac4a34	170
3a3cc93ed52bda5b10f1841b71c5981a	170
f68c796d426f86b1d64e3bc80300e5bb	170
c3634b652f945a4d4bee10476e80c623	236
a7ff6163ff817a9b9fc0d326e1ededb4	173
18b5d690ef181f20164bb8ae8f377438	171
1d7895a44ac7189c9b714c9c83330ed5	234
7c22c07a455c49281b55095c540d1671	160
f2a087ea0dd50b6b07646d669220a2cc	170
c5fc374f9a485f305370e542b6c7c0cf	177
71fac68f4f674b143cc091854be94d53	186
1908bb417751dee9ffee03bf55186e6b	168
08ea446458ee846b44f423bf97fb7e87	264
c6095632cf5aab7690484866d71ca4df	264
1b32072ab3a71ffb43989dad92a85750	201
11a84b539081c49861fadf25f20981ba	240
31ec2ddc454a69571b2a0e7ddd3cd5ed	240
9d5ce266b42704978a9797a4246f4efe	240
7cfcd6b4500afbe2370175e2a2326863	188
dcf78464503c4f5c5b4a004fca5991bd	205
ef67fcf2461278dc2bef6de0a8e2a595	169
13f3e215de253deddc6e42aa0722b66e	187
027b9c5912549e4f4c80036550956b0c	213
28baaaa754ec4136b4d30f0916222bac	162
c4e553eff384652cf6301c91fddad828	188
54fe328382b0784251bf3d430d7edd4d	173
3ca07f7d4aae018badfaf2eb39bce9ff	195
107638da9c323e9726e1d87654980686	221
32e35759d62533d6b94c998643e91bf3	267
f62621e8b8397a691f86582b82c5ade3	211
73591671cf81a4653795b0744a0a6816	211
ea56e89efd8a991091d40dd021047148	227
503407436ef281beefe883e18a1e9bf2	258
688ef0c4b593d5db78c264a2e94a383b	258
ee1aa1464ec1842b5734179b9246bfe6	258
78de8783d28505694a6c58c9efaaaf10	258
2d7c92a317fec731401af9a6c1d9f35b	258
cb969c17072e61d925192a51afb0a579	258
eb7072fb8fd80aa84484f42905999356	258
ef4793e841ba8d3dc3d805d8129e5faf	258
6bee2d6b241fa5c0170c1cef62135aa1	258
f81586cd2c2a02f8e3b81c9884866746	258
1416e25cbb533846044ba98a230e3950	258
ea352f85e86fe047cb0265bd9f404083	258
024c8e1287c9767af09557d6fa2a05df	258
0736433c0819e0c541245a2a18a046da	258
13e093f76236af93b51a8bb7977c80a3	258
6712b577d79aef165f731c27be6acbdd	258
43a80534573bb51c436756181388628b	258
1a5b8f7590493ee8fa3921488c4bd315	258
43f4782717cfbc093d47dc772a4b1a49	258
949e5bb665598dffd9dfa75cdf472e78	258
61611a89c82f4096429690d0978d0ee8	258
01fd91e58dc8ecfdcb423cc15d233d27	258
0e478c5867fdf0f4a649f680a703273b	258
074cb48970ae7ecc9ea9fb20705089a3	258
579ee9123f4ce196b94f9d42d03f8358	258
b84f5054f29fb8f1f1e58aec3fea9423	258
12983b102f3645c1c6a1a27bead0c6b9	258
b801280c1d124f0ad0386b6f33eb1303	258
12f1c47a80624cccb073e1894e45dd9f	258
75bc0a2932d54ae67b85824df7e88e60	258
18f2cb72f9ad2dd1e45ede60a1dc2998	258
6a90d29fba2e761d04d8bde5985538bb	258
3c02c1f47ea30eb922f4c394e2187f57	258
1d319d4177133ada17eeb703237ebe7b	258
e745e74b5ab0dd95e5181ee9da08c833	258
ee4da9814c77bf7bc3374387c54da53b	258
be3fda2803206e4022ac46f5960fc351	258
9e09b5fd6d06d141015059e8edaf8efc	258
fedeb53d14ae49fa3913f3be12a05d56	258
2d73acb76d6ea71b9c5116cd9ce9c518	258
bd39046a9978ebd985b0b794ad0990d1	259
5a86441fa3d083af457c8762abbb1501	206
e2c06309ebec55aeb2da9eb664ad8542	250
28af57db5753de31dfe276a7f96aafe1	225
614781c0f7437f71e97632fb07cbca50	225
e3b29dc353987ceae9d1e81ad51589b6	255
aa4afb077259c24c34a243359a0eb672	195
e902179a94143f567ece91b2ccd903cd	198
9e401ac5bbe29ec490efe7422580d427	199
7a1f29c3b9a2e17c0cb2679e4574c4eb	199
14d34495d1c069779df3ad0969628ac9	195
72c0a4871e1f2f6f18b374742878dafd	195
9d5d2815d16642512181a28bff3e1005	195
b1bacc1818fb69e63300942272be7bfb	196
75379b3473c590e3b62e16fc34f88be3	198
7484a1c662cd39f4de9c1141b4bac15e	197
67652d4ecddd8137ef2efd5f0853313e	199
8ad4b8864a1277dd3506afa98f22224d	193
cc300c873851b6c8f2416b451a99e3d7	198
77df083bfd3c1f2b1e326ecfc792c17d	195
e878da2864dcfddeb3d83ea4dd87f01c	195
2720ac1cd8d611bdf55282f5cea17aea	195
89128dd8e83ddf5f1730ee20e3f7de25	176
e79f353bd891555442f0a4d28c00f2ee	171
ea03d7378f9b4f8d3657bdee8ea47a21	236
8ba3cc1df9f65b742e4e07882773a350	214
1813a6699711eb726a3bb709106bcf8b	265
9f3dc5f3c1938175fd44660a50adf4f8	227
23d9d6d50baf4b20322858101f2ebdae	261
c4d2569e67a5495e5483b81b4bd94ee7	201
81e8fa3f8dda4ee2831160b1d9d0360d	199
3c819992e194e27e16461d4df0062571	198
7a6f5fb3ab24e359ea7ac4511f3af4ca	244
cb23dd49556504f40d83dab51e9d41d7	208
2a0746363f10b5713128c363a46b0b95	166
bb00d7fc7a01d655cf974b145013e210	167
e7f09f2ad9438365bc82ae1a58ac6ffa	167
19e72265ebdb9cbb1858d6934d371320	179
54efacd23f9ba1b459177fd6656f553c	190
2feaa0148ec5aaf065c5f57eed977179	164
d534ac84db617d6f2b3320748bb0c059	209
10b7b1ae44a84a49ffe986a90662a3f3	209
bc025b81d42d6f2887b19212abed6a54	175
c18f1a06ccf90402e69db53deab6fb1d	189
6c4eba5b76d1fda6fc01b79371cb431d	171
9de552dd29c3b26aa52023a875858b7e	202
7c279e2c7b4cbe04ed67d2cc2332ec86	254
5cb017c3bbfef49d76dd1f5f3c41deee	214
51bae72f29d75c261d189d2286728546	247
6c448b25aea09170ef597ebfacddb2c1	202
8a552194812da9fa925fecc2b4c78c08	195
fa52828a4bfce3bd88393634257c2f63	250
81dd236661261e4530d21d0daae7d273	193
29fecb4a24398001d099d1bdb569d132	192
38fdbedeaf349cfd11832b2dbd13ff37	164
428d1b64bfb8f1e710088ec15131e696	179
bfc1324cd0d944b1350dac3075c9a1bd	191
9856cb943040e791b749ccc44565eccd	213
c02f42401208fca8e341fc5aff5d7da5	248
b245497db3b62ab49748645c7096d847	248
632a1dec064ae8193ddefc41f2bf46d5	248
52974b77ed5fb25aa62850cea49831c6	248
89a6ab52b47e0f7bde5dff37313c8998	248
66fc69392bef9740cb183b274d0721be	214
38be4668c05102b3da169c75c2bdc081	168
0b20115578b03f8e345520c040ec3327	168
e3cc29a15de2f9005dcd98d7ed3c19e8	168
cafd59fe592e5d502265fcfac8016c37	168
20242b4ce5e4d58eca485f95334a97f0	168
a408355b08d158106cb585374c06afcf	168
0b213d62e3283c2ce344cdbd3e5e3924	197
eec65b6cd8e5b5d445f6ccc1691eb511	196
e37017550c5474effab2ce39180a494e	195
ec511f6389f64bac4830bb0113eb854b	168
e01ad66f40fe5d564f0954ed774e5d81	168
ad1ca713104f512b538ec0bf07cef13e	168
f8b678d8ebfa5333ca7b17251d444e2b	168
271574aff9fd5a57e65be19081f98939	168
612cd1219bd601faecebd29367647927	168
f70db5005a494c412c584748f6090168	168
f7e1e1d084d7a8099bc5be8c68c7bb41	168
495abfc9133beae3d43cbc6b7cd71a64	168
2d1b67a9e8e434ad76f47c5c6875818c	168
57a7fe9e3345dce78e31108c322a3b7d	204
b90e7c4cca0dff7d8939467152b9c534	168
d10af9fe17983d3e67f469cc97802458	168
ae84c8bd9ef466b031cbc20780bda79b	168
6f646bd7c608e3a82728e96e4de2e5f5	168
2f85a2b9fee4762506c449d9d45c788d	168
e1665c8d2adcb3078ece7d2ae46ca5a8	172
3c2d1a9718a76cde8b5516fc8d1261c8	223
3324c4ace40c54d06baa4d6e0ea17b1d	248
90560834fbfdaedf487d4b8bc06863db	198
58bd8980370e47107f3dccdbf28237b8	190
ee05a094eec934f87617debe7764a2fe	258
5bcd8c1ff4085e2b06d29841bab0d175	197
4222fdcf3e020c57f54dbfe556b6c618	199
48f12cbc7a741d4c71a82d7089a78f14	195
079ef8a4a0e378b0da3fc04c9e04b4b7	200
95311ef43e05f4470328fdb3fa6e463c	186
315e2ac6c7b1a0018967ee98aba3177d	197
ed6e32ac0a36c229287c373017299919	200
f9dc341806af67eda31a1eec05198c61	200
65cf548267edd77611c73ea033531bce	196
56c8d82c1ba9fcb2d999729f8750bd8e	196
21a5d4025ea917ecc7194cca9921d1f7	190
8b72f76202ed099636945dd0e401f1dd	192
753e54c2c4963350cc9b492d70b0ad79	199
9cddccdf3f7218460bdc1f7e9d2e1a21	193
a3606b2b1868e5713dfc5fdf5cda40ef	208
fe9318c53348aebc9337615233f4a197	196
965ac965f8845b6b5ffed42f6a7c3936	199
a086e67b2d403153f3d14c564e8b08e4	199
64affeece72e738411cb181f0d7e0782	200
98c7cb35aba552551a30ee43d6557350	200
1dbc9dc57e42c705f02361b4916c05b9	196
3eefe91429b4e62f5cecce6768b528d4	196
3c9051dee817c35b1a2f2632b3548354	196
bfaef60fba6039f66d945bbbcb372a99	194
217f5315998b243f528dc2fc2384b4b5	195
03bd866da56c0c8b436eb0e7ea205190	199
309d9e41c9c6dda1004550bb992988fc	188
1e0444bcaecf0b7c409fd0f2752542a5	190
36fb4af9e318a8524bc3b76df583a3db	193
3bb379d51f41afa011c5e59a99318893	191
a6602fba5f3dd7a75f438b62eb4f245c	187
8c7acaabea55ecda4c989d626732f0ef	201
